fundISINCode,distType,distKey,distValue,reportDate
LU0011847091,200,206,0.093559,2021/11/30
LU0011847091,200,308,0.113275,2021/11/30
LU0011847091,200,309,0.036335,2021/11/30
LU0011847091,200,310,0.182104,2021/11/30
LU0011847091,200,311,0.138468,2021/11/30
LU0011847091,300,1,0.978892,2021/11/30
LU0011847091,300,3,0.00006,2021/11/30
LU0011847091,300,7,0.021048,2021/11/30
LU0011847091,100,1,0.192546,2021/11/30
LU0011847091,100,4,0.786346,2021/11/30
LU0011847091,100,15,0.978892,2021/11/30
LU0011847091,200,101,0.10462,2021/11/30
LU0011847091,200,102,0.137126,2021/11/30
LU0011847091,200,103,0.142277,2021/11/30
LU0011847091,200,205,0.031127,2021/11/30
LU0011850046,300,1,0.982666,2021/11/30
LU0011850046,300,3,0.00002,2021/11/30
LU0011850046,300,7,0.017314,2021/11/30
LU0011850046,100,1,0.666476,2021/11/30
LU0011850046,100,3,0.008262,2021/11/30
LU0011850046,100,4,0.086985,2021/11/30
LU0011850046,100,5,0.131124,2021/11/30
LU0011850046,100,6,0.015308,2021/11/30
LU0011850046,100,10,0.039067,2021/11/30
LU0011850046,100,13,0.035445,2021/11/30
LU0011850046,100,14,0.043706,2021/11/30
LU0011850046,100,15,0.93896,2021/11/30
LU0011850046,200,102,0.081407,2021/11/30
LU0011850046,200,103,0.251119,2021/11/30
LU0011850046,200,205,0.046879,2021/11/30
LU0011850046,200,206,0.194268,2021/11/30
LU0011850046,200,308,0.094615,2021/11/30
LU0011850046,200,310,0.116305,2021/11/30
LU0011850046,200,311,0.198072,2021/11/30
LU0040709171,300,1,0.991849,2021/11/30
LU0040709171,300,7,0.008151,2021/11/30
LU0040709171,100,1,0.045359,2021/11/30
LU0040709171,100,3,0.05906,2021/11/30
LU0040709171,100,4,0.010879,2021/11/30
LU0040709171,100,5,0.030027,2021/11/30
LU0040709171,100,7,0.087884,2021/11/30
LU0040709171,100,8,0.00468,2021/11/30
LU0040709171,100,9,0.003168,2021/11/30
LU0040709171,100,12,0.291647,2021/11/30
LU0040709171,100,13,0.436565,2021/11/30
LU0040709171,100,14,0.58819,2021/11/30
LU0040709171,100,15,0.38108,2021/11/30
LU0040709171,200,101,0.026315,2021/11/30
LU0040709171,200,102,0.176742,2021/11/30
LU0040709171,200,103,0.208076,2021/11/30
LU0040709171,200,104,0.030776,2021/11/30
LU0040709171,200,205,0.011002,2021/11/30
LU0040709171,200,206,0.051023,2021/11/30
LU0040709171,200,207,0.025066,2021/11/30
LU0040709171,200,308,0.139378,2021/11/30
LU0040709171,200,310,0.077522,2021/11/30
LU0040709171,200,311,0.22337,2021/11/30
LU0047713382,300,1,0.912766,2021/11/30
LU0047713382,300,3,0.000243,2021/11/30
LU0047713382,300,5,0.010126,2021/11/30
LU0047713382,300,7,0.070874,2021/11/30
LU0047713382,300,8,0.005991,2021/11/30
LU0047713382,100,1,0.032794,2021/11/30
LU0047713382,100,3,0.071387,2021/11/30
LU0047713382,100,4,0.016912,2021/11/30
LU0047713382,100,5,0.021719,2021/11/30
LU0047713382,100,7,0.055354,2021/11/30
LU0047713382,100,8,0.01628,2021/11/30
LU0047713382,100,9,0.023938,2021/11/30
LU0047713382,100,12,0.206414,2021/11/30
LU0047713382,100,13,0.467969,2021/11/30
LU0047713382,100,14,0.634928,2021/11/30
LU0047713382,100,15,0.277838,2021/11/30
LU0047713382,200,101,0.056166,2021/11/30
LU0047713382,200,102,0.127969,2021/11/30
LU0047713382,200,103,0.196123,2021/11/30
LU0047713382,200,104,0.006207,2021/11/30
LU0047713382,200,205,0.028717,2021/11/30
LU0047713382,200,206,0.028585,2021/11/30
LU0047713382,200,207,0.020861,2021/11/30
LU0047713382,200,308,0.077782,2021/11/30
LU0047713382,200,309,0.066837,2021/11/30
LU0047713382,200,310,0.070473,2021/11/30
LU0047713382,200,311,0.233046,2021/11/30
LU0051755006,300,1,0.961836,2021/11/30
LU0051755006,300,3,0.03675,2021/11/30
LU0051755006,300,5,0.000252,2021/11/30
LU0051755006,300,7,0.001162,2021/11/30
LU0051755006,100,3,0.061918,2021/11/30
LU0051755006,100,5,0.066476,2021/11/30
LU0051755006,100,6,0.046948,2021/11/30
LU0051755006,100,12,0.024541,2021/11/30
LU0051755006,100,13,0.761953,2021/11/30
LU0051755006,100,14,0.761953,2021/11/30
LU0051755006,100,15,0.172458,2021/11/30
LU0051755006,200,101,0.017445,2021/11/30
LU0051755006,200,102,0.230107,2021/11/30
LU0051755006,200,103,0.091866,2021/11/30
LU0051755006,200,104,0.043317,2021/11/30
LU0051755006,200,205,0.065415,2021/11/30
LU0051755006,200,206,0.047177,2021/11/30
LU0051755006,200,207,0.022207,2021/11/30
LU0051755006,200,308,0.143827,2021/11/30
LU0051755006,200,310,0.037836,2021/11/30
LU0051755006,200,311,0.083111,2021/11/30
LU0052864419,300,1,0.995276,2021/11/30
LU0052864419,300,7,-0.001774,2021/11/30
LU0052864419,300,8,0.006498,2021/11/30
LU0052864419,100,1,0.687447,2021/11/30
LU0052864419,100,2,0.005079,2021/11/30
LU0052864419,100,3,0.021832,2021/11/30
LU0052864419,100,4,0.033151,2021/11/30
LU0052864419,100,5,0.042953,2021/11/30
LU0052864419,100,6,0.007577,2021/11/30
LU0052864419,100,7,0.021523,2021/11/30
LU0052864419,100,10,0.075878,2021/11/30
LU0052864419,100,11,0.004236,2021/11/30
LU0052864419,100,12,0.029681,2021/11/30
LU0052864419,100,13,0.065917,2021/11/30
LU0052864419,100,14,0.109273,2021/11/30
LU0052864419,100,15,0.886001,2021/11/30
LU0052864419,200,101,0.005378,2021/11/30
LU0052864419,200,102,0.589838,2021/11/30
LU0052864419,200,104,0.035796,2021/11/30
LU0052864419,200,205,0.037529,2021/11/30
LU0052864419,200,308,0.230062,2021/11/30
LU0052864419,200,310,0.010089,2021/11/30
LU0052864419,200,311,0.086581,2021/11/30
LU0053666078,300,1,0.97854,2021/11/30
LU0053666078,300,7,0.02146,2021/11/30
LU0053666078,100,1,0.97854,2021/11/30
LU0053666078,100,15,0.97854,2021/11/30
LU0053666078,200,101,0.027242,2021/11/30
LU0053666078,200,102,0.153824,2021/11/30
LU0053666078,200,103,0.176098,2021/11/30
LU0053666078,200,104,0.047896,2021/11/30
LU0053666078,200,205,0.02927,2021/11/30
LU0053666078,200,206,0.129418,2021/11/30
LU0053666078,200,207,0.019877,2021/11/30
LU0053666078,200,308,0.084892,2021/11/30
LU0053666078,200,309,0.037627,2021/11/30
LU0053666078,200,310,0.06484,2021/11/30
LU0053666078,200,311,0.207557,2021/11/30
LU0053685615,300,1,0.978966,2021/11/30
LU0053685615,300,7,0.014434,2021/11/30
LU0053685615,300,8,0.0066,2021/11/30
LU0053685615,100,1,0.034135,2021/11/30
LU0053685615,100,3,0.078196,2021/11/30
LU0053685615,100,4,0.011675,2021/11/30
LU0053685615,100,5,0.025216,2021/11/30
LU0053685615,100,7,0.01421,2021/11/30
LU0053685615,100,8,0.011936,2021/11/30
LU0053685615,100,12,0.262547,2021/11/30
LU0053685615,100,13,0.541052,2021/11/30
LU0053685615,100,14,0.623846,2021/11/30
LU0053685615,100,15,0.35512,2021/11/30
LU0053685615,200,101,0.027463,2021/11/30
LU0053685615,200,102,0.159117,2021/11/30
LU0053685615,200,103,0.205009,2021/11/30
LU0053685615,200,104,0.005834,2021/11/30
LU0053685615,200,205,0.074181,2021/11/30
LU0053685615,200,206,0.039479,2021/11/30
LU0053685615,200,207,0.006624,2021/11/30
LU0053685615,200,308,0.104636,2021/11/30
LU0053685615,200,309,0.0188,2021/11/30
LU0053685615,200,310,0.06564,2021/11/30
LU0053685615,200,311,0.250637,2021/11/30
LU0056508442,300,1,0.955693,2021/11/30
LU0056508442,300,3,0.000078,2021/11/30
LU0056508442,300,5,0.000727,2021/11/30
LU0056508442,300,7,0.017863,2021/11/30
LU0056508442,300,8,0.025639,2021/11/30
LU0056508442,100,1,0.72775,2021/11/30
LU0056508442,100,2,0.008465,2021/11/30
LU0056508442,100,3,0.011503,2021/11/30
LU0056508442,100,4,0.012183,2021/11/30
LU0056508442,100,5,0.053328,2021/11/30
LU0056508442,100,7,0.007995,2021/11/30
LU0056508442,100,10,0.02187,2021/11/30
LU0056508442,100,11,0.012003,2021/11/30
LU0056508442,100,12,0.06888,2021/11/30
LU0056508442,100,13,0.028311,2021/11/30
LU0056508442,100,14,0.047808,2021/11/30
LU0056508442,100,15,0.904479,2021/11/30
LU0056508442,200,101,0.001911,2021/11/30
LU0056508442,200,102,0.124809,2021/11/30
LU0056508442,200,103,0.043028,2021/11/30
LU0056508442,200,308,0.133285,2021/11/30
LU0056508442,200,310,0.015465,2021/11/30
LU0056508442,200,311,0.63379,2021/11/30
LU0058720904,300,1,1,2021/11/30
LU0058720904,100,1,0.637771,2021/11/30
LU0058720904,100,3,0.00106,2021/11/30
LU0058720904,100,4,0.030643,2021/11/30
LU0058720904,100,5,0.033614,2021/11/30
LU0058720904,100,6,0.209179,2021/11/30
LU0058720904,100,10,0.053212,2021/11/30
LU0058720904,100,11,0.02867,2021/11/30
LU0058720904,100,13,0.005851,2021/11/30
LU0058720904,100,14,0.006911,2021/11/30
LU0058720904,100,15,0.993089,2021/11/30
LU0058720904,200,205,0.009068,2021/11/30
LU0058720904,200,206,0.971464,2021/11/30
LU0058720904,200,310,0.019468,2021/11/30
LU0060230025,300,1,1,2021/11/30
LU0060230025,100,1,0.739583,2021/11/30
LU0060230025,100,2,0.011592,2021/11/30
LU0060230025,100,3,0.00602,2021/11/30
LU0060230025,100,5,0.059681,2021/11/30
LU0060230025,100,6,0.003916,2021/11/30
LU0060230025,100,9,0.008054,2021/11/30
LU0060230025,100,10,0.040751,2021/11/30
LU0060230025,100,12,0.054614,2021/11/30
LU0060230025,100,13,0.074769,2021/11/30
LU0060230025,100,14,0.080789,2021/11/30
LU0060230025,100,15,0.91819,2021/11/30
LU0060230025,200,102,0.114845,2021/11/30
LU0060230025,200,103,0.01763,2021/11/30
LU0060230025,200,104,0.010714,2021/11/30
LU0060230025,200,206,0.030241,2021/11/30
LU0060230025,200,308,0.107076,2021/11/30
LU0060230025,200,310,0.080001,2021/11/30
LU0060230025,200,311,0.638472,2021/11/30
LU0072462426,300,1,0.594504,2021/9/30
LU0072462426,300,3,0.167857,2021/9/30
LU0072462426,300,5,0.004643,2021/9/30
LU0072462426,300,6,0.001643,2021/9/30
LU0072462426,300,7,0.209329,2021/9/30
LU0072462426,300,8,0.022024,2021/9/30
LU0072462426,100,1,0.340382,2021/9/30
LU0072462426,100,2,0.009834,2021/9/30
LU0072462426,100,3,0.0058,2021/9/30
LU0072462426,100,4,0.029997,2021/9/30
LU0072462426,100,5,0.095267,2021/9/30
LU0072462426,100,6,0.017534,2021/9/30
LU0072462426,100,7,0.000402,2021/9/30
LU0072462426,100,8,-0.000015,2021/9/30
LU0072462426,100,9,0.000251,2021/9/30
LU0072462426,100,10,0.013081,2021/9/30
LU0072462426,100,11,0.000093,2021/9/30
LU0072462426,100,12,0.022184,2021/9/30
LU0072462426,100,13,0.026111,2021/9/30
LU0072462426,100,14,0.032262,2021/9/30
LU0072462426,100,15,0.52866,2021/9/30
LU0072462426,200,101,0.03275,2021/9/30
LU0072462426,200,102,0.085449,2021/9/30
LU0072462426,200,103,0.072747,2021/9/30
LU0072462426,200,104,0.007199,2021/9/30
LU0072462426,200,205,0.018749,2021/9/30
LU0072462426,200,206,0.081988,2021/9/30
LU0072462426,200,207,0.016543,2021/9/30
LU0072462426,200,308,0.05898,2021/9/30
LU0072462426,200,309,0.027863,2021/9/30
LU0072462426,200,310,0.060472,2021/9/30
LU0072462426,200,311,0.113433,2021/9/30
LU0079474960,300,1,1,2021/11/30
LU0079474960,100,1,0.988189,2021/11/30
LU0079474960,100,5,0.011811,2021/11/30
LU0079474960,100,15,1,2021/11/30
LU0079474960,200,101,0.009465,2021/11/30
LU0079474960,200,102,0.153042,2021/11/30
LU0079474960,200,103,0.069071,2021/11/30
LU0079474960,200,205,0.051751,2021/11/30
LU0079474960,200,206,0.194785,2021/11/30
LU0079474960,200,308,0.15254,2021/11/30
LU0079474960,200,310,0.055076,2021/11/30
LU0079474960,200,311,0.31427,2021/11/30
LU0082616367,300,1,0.983268,2021/11/30
LU0082616367,300,7,0.016732,2021/11/30
LU0082616367,100,1,0.935819,2021/11/30
LU0082616367,100,2,0.009307,2021/11/30
LU0082616367,100,3,0.010592,2021/11/30
LU0082616367,100,5,0.014913,2021/11/30
LU0082616367,100,9,0.007038,2021/11/30
LU0082616367,100,12,0.005599,2021/11/30
LU0082616367,100,14,0.010592,2021/11/30
LU0082616367,100,15,0.972676,2021/11/30
LU0082616367,200,102,0.105839,2021/11/30
LU0082616367,200,103,0.014008,2021/11/30
LU0082616367,200,206,0.022136,2021/11/30
LU0082616367,200,308,0.161174,2021/11/30
LU0082616367,200,311,0.680111,2021/11/30
LU0089639750,300,1,0.996772,2021/11/30
LU0089639750,300,7,0.003228,2021/11/30
LU0089639750,100,1,0.726705,2021/11/30
LU0089639750,100,3,0.010998,2021/11/30
LU0089639750,100,5,0.072547,2021/11/30
LU0089639750,100,6,0.02009,2021/11/30
LU0089639750,100,11,0.02842,2021/11/30
LU0089639750,100,12,0.123442,2021/11/30
LU0089639750,100,13,0.014571,2021/11/30
LU0089639750,100,14,0.014571,2021/11/30
LU0089639750,100,15,0.982201,2021/11/30
LU0089639750,200,102,0.131543,2021/11/30
LU0089639750,200,103,0.092561,2021/11/30
LU0089639750,200,104,0.014571,2021/11/30
LU0089639750,200,205,0.037735,2021/11/30
LU0089639750,200,206,0.080356,2021/11/30
LU0089639750,200,308,0.085801,2021/11/30
LU0089639750,200,310,0.028395,2021/11/30
LU0089639750,200,311,0.514813,2021/11/30
LU0093502762,300,1,0.984661,2021/11/30
LU0093502762,300,3,0.000864,2021/11/30
LU0093502762,300,7,0.014476,2021/11/30
LU0093502762,100,1,0.013613,2021/11/30
LU0093502762,100,4,0.050333,2021/11/30
LU0093502762,100,5,0.853266,2021/11/30
LU0093502762,100,6,0.043344,2021/11/30
LU0093502762,100,12,0.024104,2021/11/30
LU0093502762,100,15,0.984661,2021/11/30
LU0093502762,200,101,0.100416,2021/11/30
LU0093502762,200,102,0.153019,2021/11/30
LU0093502762,200,103,0.101489,2021/11/30
LU0093502762,200,205,0.024369,2021/11/30
LU0093502762,200,206,0.06884,2021/11/30
LU0093502762,200,207,0.020463,2021/11/30
LU0093502762,200,308,0.046797,2021/11/30
LU0093502762,200,309,0.012815,2021/11/30
LU0093502762,200,310,0.275632,2021/11/30
LU0093502762,200,311,0.180819,2021/11/30
LU0093503497,100,11,0.002475,2021/11/30
LU0093503497,100,12,0.002673,2021/11/30
LU0093503497,100,13,0.00309,2021/11/30
LU0093503497,100,14,0.005474,2021/11/30
LU0093503497,100,15,0.460968,2021/11/30
LU0093503497,200,101,0.024728,2021/11/30
LU0093503497,200,102,0.038117,2021/11/30
LU0093503497,200,103,0.059677,2021/11/30
LU0093503497,200,104,0.008382,2021/11/30
LU0093503497,200,205,0.037708,2021/11/30
LU0093503497,200,206,0.052782,2021/11/30
LU0093503497,200,207,0.009222,2021/11/30
LU0093503497,200,308,0.028662,2021/11/30
LU0093503497,200,309,0.000667,2021/11/30
LU0093503497,200,310,0.080954,2021/11/30
LU0093503497,200,311,0.125532,2021/11/30
LU0093503497,300,1,0.467088,2021/11/30
LU0093503497,300,3,0.334436,2021/11/30
LU0093503497,300,6,0.0051,2021/11/30
LU0093503497,300,7,0.097176,2021/11/30
LU0093503497,300,8,0.096201,2021/11/30
LU0093503497,100,1,0.29718,2021/11/30
LU0093503497,100,2,0.008479,2021/11/30
LU0093503497,100,3,0.001697,2021/11/30
LU0093503497,100,4,0.034928,2021/11/30
LU0093503497,100,5,0.059168,2021/11/30
LU0093503497,100,6,0.031809,2021/11/30
LU0093503497,100,8,0.000687,2021/11/30
LU0093503497,100,9,0.000191,2021/11/30
LU0093503497,100,10,0.024065,2021/11/30
LU0104030142,300,1,0.983433,2021/11/30
LU0104030142,300,7,0.016567,2021/11/30
LU0104030142,100,1,0.016749,2021/11/30
LU0104030142,100,4,0.09257,2021/11/30
LU0104030142,100,5,0.733705,2021/11/30
LU0104030142,100,6,0.108787,2021/11/30
LU0104030142,100,12,0.031623,2021/11/30
LU0104030142,100,15,0.983433,2021/11/30
LU0104030142,200,102,0.013028,2021/11/30
LU0104030142,200,103,0.004571,2021/11/30
LU0104030142,200,206,0.006142,2021/11/30
LU0104030142,200,207,0.014429,2021/11/30
LU0104030142,200,308,0.079919,2021/11/30
LU0104030142,200,310,0.067289,2021/11/30
LU0104030142,200,311,0.798149,2021/11/30
LU0106831901,300,1,0.972975,2021/11/30
LU0106831901,300,3,0.000052,2021/11/30
LU0106831901,300,7,0.026973,2021/11/30
LU0106831901,100,1,0.577498,2021/11/30
LU0106831901,100,3,0.022944,2021/11/30
LU0106831901,100,4,0.079804,2021/11/30
LU0106831901,100,5,0.167816,2021/11/30
LU0106831901,100,6,0.007453,2021/11/30
LU0106831901,100,7,0.027647,2021/11/30
LU0106831901,100,9,0.017243,2021/11/30
LU0106831901,100,11,0.01083,2021/11/30
LU0106831901,100,12,0.005822,2021/11/30
LU0106831901,100,13,0.055919,2021/11/30
LU0106831901,100,14,0.106509,2021/11/30
LU0106831901,100,15,0.866466,2021/11/30
LU0106831901,200,103,0.844841,2021/11/30
LU0106831901,200,308,0.006708,2021/11/30
LU0106831901,200,310,0.013946,2021/11/30
LU0106831901,200,311,0.107481,2021/11/30
LU0117841782,300,1,0.992082,2021/11/30
LU0117841782,300,3,0.006291,2021/11/30
LU0117841782,300,5,0.000458,2021/11/30
LU0117841782,300,7,0.001169,2021/11/30
LU0117841782,100,3,0.037961,2021/11/30
LU0117841782,100,5,0.01038,2021/11/30
LU0117841782,100,6,0.018308,2021/11/30
LU0117841782,100,12,0.349743,2021/11/30
LU0117841782,100,13,0.575689,2021/11/30
LU0117841782,100,14,0.575689,2021/11/30
LU0117841782,100,15,0.402136,2021/11/30
LU0117841782,200,101,0.008247,2021/11/30
LU0117841782,200,102,0.169735,2021/11/30
LU0117841782,200,103,0.138642,2021/11/30
LU0117841782,200,104,0.040459,2021/11/30
LU0117841782,200,205,0.048343,2021/11/30
LU0117841782,200,206,0.028983,2021/11/30
LU0117841782,200,207,0.018368,2021/11/30
LU0117841782,200,308,0.126278,2021/11/30
LU0117841782,200,310,0.052382,2021/11/30
LU0117841782,200,311,0.293148,2021/11/30
LU0119062650,300,1,0.976424,2021/11/30
LU0119062650,300,7,0.009633,2021/11/30
LU0119062650,300,8,0.013944,2021/11/30
LU0119062650,100,3,0.008775,2021/11/30
LU0119062650,100,4,0.205505,2021/11/30
LU0119062650,100,5,0.518215,2021/11/30
LU0119062650,100,6,0.243929,2021/11/30
LU0119062650,100,14,0.008775,2021/11/30
LU0119062650,100,15,0.967649,2021/11/30
LU0119062650,200,101,0.054538,2021/11/30
LU0119062650,200,102,0.178593,2021/11/30
LU0119062650,200,103,0.191357,2021/11/30
LU0119062650,200,104,0.011114,2021/11/30
LU0119062650,200,205,0.085472,2021/11/30
LU0119062650,200,206,0.111042,2021/11/30
LU0119062650,200,207,0.0223,2021/11/30
LU0119062650,200,308,0.042013,2021/11/30
LU0119062650,200,309,0.05253,2021/11/30
LU0119062650,200,310,0.139153,2021/11/30
LU0119062650,200,311,0.088311,2021/11/30
LU0122379950,300,1,0.974737,2021/11/30
LU0122379950,300,3,0.000134,2021/11/30
LU0122379950,300,7,0.024458,2021/11/30
LU0122379950,300,8,0.000672,2021/11/30
LU0122379950,100,1,0.747462,2021/11/30
LU0122379950,100,3,0.000808,2021/11/30
LU0122379950,100,4,0.042702,2021/11/30
LU0122379950,100,5,0.050856,2021/11/30
LU0122379950,100,6,0.093675,2021/11/30
LU0122379950,100,10,0.019189,2021/11/30
LU0122379950,100,11,0.004723,2021/11/30
LU0122379950,100,13,0.015321,2021/11/30
LU0122379950,100,14,0.016129,2021/11/30
LU0122379950,100,15,0.958607,2021/11/30
LU0122379950,200,101,0.007192,2021/11/30
LU0122379950,200,103,0.001968,2021/11/30
LU0122379950,200,206,0.965504,2021/11/30
LU0124384867,300,1,0.97727,2021/11/30
LU0124384867,300,3,0.000088,2021/11/30
LU0124384867,300,7,0.022642,2021/11/30
LU0124384867,100,1,0.381239,2021/11/30
LU0124384867,100,2,0.007705,2021/11/30
LU0124384867,100,4,0.045153,2021/11/30
LU0124384867,100,5,0.326844,2021/11/30
LU0124384867,100,6,0.101051,2021/11/30
LU0124384867,100,10,0.023823,2021/11/30
LU0124384867,100,12,0.068503,2021/11/30
LU0124384867,100,13,0.022953,2021/11/30
LU0124384867,100,14,0.022953,2021/11/30
LU0124384867,100,15,0.954317,2021/11/30
LU0124384867,200,101,0.086332,2021/11/30
LU0124384867,200,205,0.019887,2021/11/30
LU0124384867,200,207,0.218258,2021/11/30
LU0124384867,200,310,0.286598,2021/11/30
LU0124384867,200,311,0.366195,2021/11/30
LU0143551892,300,1,0.99611,2021/9/30
LU0143551892,300,7,0.00389,2021/9/30
LU0143551892,100,1,0.577463,2021/9/30
LU0143551892,100,2,0.00953,2021/9/30
LU0143551892,100,3,0.005442,2021/9/30
LU0143551892,100,4,0.080288,2021/9/30
LU0143551892,100,5,0.102189,2021/9/30
LU0143551892,100,6,0.010321,2021/9/30
LU0143551892,100,10,0.063299,2021/9/30
LU0143551892,100,12,0.034489,2021/9/30
LU0143551892,100,13,0.11309,2021/9/30
LU0143551892,100,14,0.118532,2021/9/30
LU0143551892,100,15,0.877578,2021/9/30
LU0143551892,200,101,0.010321,2021/9/30
LU0143551892,200,102,0.143763,2021/9/30
LU0143551892,200,103,0.182243,2021/9/30
LU0143551892,200,104,0.038688,2021/9/30
LU0143551892,200,205,0.031119,2021/9/30
LU0143551892,200,206,0.111432,2021/9/30
LU0143551892,200,308,0.169893,2021/9/30
LU0143551892,200,310,0.143593,2021/9/30
LU0143551892,200,311,0.165059,2021/9/30
LU0154237225,300,10,0.294649,2021/11/30
LU0154237225,300,30,0.276739,2021/11/30
LU0154237225,300,40,0.36407,2021/11/30
LU0154237225,300,50,0.072209,2021/11/30
LU0154237225,300,60,-0.007668,2021/11/30
LU0154237225,100,1,0.647799,2021/11/30
LU0154237225,100,2,0.007248,2021/11/30
LU0154237225,100,3,0.044738,2021/11/30
LU0154237225,100,4,0.074918,2021/11/30
LU0154237225,100,5,0.095918,2021/11/30
LU0154237225,100,6,0.010324,2021/11/30
LU0154237225,100,7,0.001961,2021/11/30
LU0154237225,100,8,0.002192,2021/11/30
LU0154237225,100,9,0.005685,2021/11/30
LU0154237225,100,10,0.005786,2021/11/30
LU0154237225,100,11,0.005488,2021/11/30
LU0154237225,100,12,0.000169,2021/11/30
LU0154237225,100,13,0.003908,2021/11/30
LU0154237225,100,14,0.028237,2021/11/30
LU0154237225,100,15,0.877897,2021/11/30
LU0174119429,300,1,0.993804,2021/9/30
LU0174119429,300,7,0.006196,2021/9/30
LU0174119429,100,1,0.941958,2021/9/30
LU0174119429,100,2,0.002444,2021/9/30
LU0174119429,100,3,0.002171,2021/9/30
LU0174119429,100,4,0.003262,2021/9/30
LU0174119429,100,5,0.017477,2021/9/30
LU0174119429,100,12,0.00829,2021/9/30
LU0174119429,100,13,0.018202,2021/9/30
LU0174119429,100,14,0.020373,2021/9/30
LU0174119429,100,15,0.973431,2021/9/30
LU0174119429,200,101,0.010578,2021/9/30
LU0174119429,200,102,0.169261,2021/9/30
LU0174119429,200,103,0.068418,2021/9/30
LU0174119429,200,104,0.006478,2021/9/30
LU0174119429,200,205,0.011553,2021/9/30
LU0174119429,200,206,0.123317,2021/9/30
LU0174119429,200,308,0.264377,2021/9/30
LU0174119429,200,310,0.038117,2021/9/30
LU0174119429,200,311,0.301705,2021/9/30
LU0203202907,300,1,0.606888,2021/11/30
LU0203202907,300,3,0.368552,2021/11/30
LU0203202907,300,6,0.012734,2021/11/30
LU0203202907,300,7,0.01182,2021/11/30
LU0203202907,100,1,0.374064,2021/11/30
LU0203202907,100,2,0.008488,2021/11/30
LU0203202907,100,3,0.001985,2021/11/30
LU0203202907,100,4,0.025728,2021/11/30
LU0203202907,100,5,0.074952,2021/11/30
LU0203202907,100,6,0.038198,2021/11/30
LU0203202907,100,7,0.002606,2021/11/30
LU0203202907,100,9,0.001874,2021/11/30
LU0203202907,100,10,0.041546,2021/11/30
LU0203202907,100,11,0.006983,2021/11/30
LU0203202907,100,12,0.015911,2021/11/30
LU0203202907,100,13,0.01455,2021/11/30
LU0203202907,100,14,0.019141,2021/11/30
LU0203202907,100,15,0.587742,2021/11/30
LU0203202907,200,101,0.016026,2021/11/30
LU0203202907,200,102,0.07766,2021/11/30
LU0203202907,200,103,0.087206,2021/11/30
LU0203202907,200,104,0.014755,2021/11/30
LU0203202907,200,205,0.032084,2021/11/30
LU0203202907,200,206,0.086273,2021/11/30
LU0203202907,200,207,0.010881,2021/11/30
LU0203202907,200,308,0.056425,2021/11/30
LU0203202907,200,309,0.016435,2021/11/30
LU0203202907,200,310,0.080398,2021/11/30
LU0203202907,200,311,0.128742,2021/11/30
LU0207127084,300,10,0.706035,2021/9/30
LU0207127084,300,30,0.257637,2021/9/30
LU0207127084,300,50,0.018634,2021/9/30
LU0207127084,100,1,0.001353,2021/9/30
LU0207127084,100,3,0.332943,2021/9/30
LU0207127084,100,5,0.000858,2021/9/30
LU0207127084,100,7,0.131269,2021/9/30
LU0207127084,100,8,0.125733,2021/9/30
LU0207127084,100,9,0.161158,2021/9/30
LU0207127084,100,12,0.002439,2021/9/30
LU0207127084,100,13,0.213915,2021/9/30
LU0207127084,100,14,0.865287,2021/9/30
LU0207127084,100,15,0.10438,2021/9/30
LU0210528500,300,1,0.97854,2021/11/30
LU0210528500,300,7,0.02146,2021/11/30
LU0210528500,100,1,0.97854,2021/11/30
LU0210528500,100,15,0.97854,2021/11/30
LU0210528500,200,101,0.027242,2021/11/30
LU0210528500,200,102,0.153824,2021/11/30
LU0210528500,200,103,0.176098,2021/11/30
LU0210528500,200,104,0.047896,2021/11/30
LU0210528500,200,205,0.02927,2021/11/30
LU0210528500,200,206,0.129418,2021/11/30
LU0210528500,200,207,0.019877,2021/11/30
LU0210528500,200,308,0.084892,2021/11/30
LU0210528500,200,309,0.037627,2021/11/30
LU0210528500,200,310,0.06484,2021/11/30
LU0210528500,200,311,0.207557,2021/11/30
LU0210529656,300,1,0.978966,2021/11/30
LU0210529656,300,7,0.014434,2021/11/30
LU0210529656,300,8,0.0066,2021/11/30
LU0210529656,100,1,0.034135,2021/11/30
LU0210529656,100,3,0.078196,2021/11/30
LU0210529656,100,4,0.011675,2021/11/30
LU0210529656,100,5,0.025216,2021/11/30
LU0210529656,100,7,0.01421,2021/11/30
LU0210529656,100,8,0.011936,2021/11/30
LU0210529656,100,12,0.262547,2021/11/30
LU0210529656,100,13,0.541052,2021/11/30
LU0210529656,100,14,0.623846,2021/11/30
LU0210529656,100,15,0.35512,2021/11/30
LU0210529656,200,101,0.027463,2021/11/30
LU0210529656,200,102,0.159117,2021/11/30
LU0210529656,200,103,0.205009,2021/11/30
LU0210529656,200,104,0.005834,2021/11/30
LU0210529656,200,205,0.074181,2021/11/30
LU0210529656,200,206,0.039479,2021/11/30
LU0210529656,200,207,0.006624,2021/11/30
LU0210529656,200,308,0.104636,2021/11/30
LU0210529656,200,309,0.0188,2021/11/30
LU0210529656,200,310,0.06564,2021/11/30
LU0210529656,200,311,0.250637,2021/11/30
LU0210532015,300,1,0.983433,2021/11/30
LU0210532015,300,7,0.016567,2021/11/30
LU0210532015,100,1,0.016749,2021/11/30
LU0210532015,100,4,0.09257,2021/11/30
LU0210532015,100,5,0.733705,2021/11/30
LU0210532015,100,6,0.108787,2021/11/30
LU0210532015,100,12,0.031623,2021/11/30
LU0210532015,100,15,0.983433,2021/11/30
LU0210532015,200,102,0.013028,2021/11/30
LU0210532015,200,103,0.004571,2021/11/30
LU0210532015,200,206,0.006142,2021/11/30
LU0210532015,200,207,0.014429,2021/11/30
LU0210532015,200,308,0.079919,2021/11/30
LU0210532015,200,310,0.067289,2021/11/30
LU0210532015,200,311,0.798149,2021/11/30
LU0210533765,300,7,0.003228,2021/11/30
LU0210533765,100,1,0.726705,2021/11/30
LU0210533765,100,3,0.010998,2021/11/30
LU0210533765,100,5,0.072547,2021/11/30
LU0210533765,100,6,0.02009,2021/11/30
LU0210533765,100,11,0.02842,2021/11/30
LU0210533765,100,12,0.123442,2021/11/30
LU0210533765,100,13,0.014571,2021/11/30
LU0210533765,100,14,0.014571,2021/11/30
LU0210533765,100,15,0.982201,2021/11/30
LU0210533765,200,102,0.131543,2021/11/30
LU0210533765,200,103,0.092561,2021/11/30
LU0210533765,200,104,0.014571,2021/11/30
LU0210533765,200,205,0.037735,2021/11/30
LU0210533765,200,206,0.080356,2021/11/30
LU0210533765,200,308,0.085801,2021/11/30
LU0210533765,200,310,0.028395,2021/11/30
LU0210533765,200,311,0.514813,2021/11/30
LU0210533765,300,1,0.996772,2021/11/30
LU0224105477,300,1,0.956931,2021/11/30
LU0224105477,300,3,0.000719,2021/11/30
LU0224105477,300,7,0.04235,2021/11/30
LU0224105477,100,1,0.009198,2021/11/30
LU0224105477,100,4,0.045233,2021/11/30
LU0224105477,100,5,0.486631,2021/11/30
LU0224105477,100,6,0.39092,2021/11/30
LU0224105477,100,12,0.024949,2021/11/30
LU0224105477,100,15,0.956931,2021/11/30
LU0224105477,200,101,0.083908,2021/11/30
LU0224105477,200,102,0.157079,2021/11/30
LU0224105477,200,103,0.073375,2021/11/30
LU0224105477,200,205,0.019713,2021/11/30
LU0224105477,200,206,0.183134,2021/11/30
LU0224105477,200,308,0.005763,2021/11/30
LU0224105477,200,309,0.01729,2021/11/30
LU0224105477,200,310,0.18134,2021/11/30
LU0224105477,200,311,0.235331,2021/11/30
LU0238689110,300,1,0.883871,2021/11/30
LU0238689110,300,3,0.000001,2021/11/30
LU0238689110,300,5,0.005559,2021/11/30
LU0238689110,300,6,0.000044,2021/11/30
LU0238689110,300,7,0.087411,2021/11/30
LU0238689110,300,8,0.023115,2021/11/30
LU0238689110,100,1,0.600143,2021/11/30
LU0238689110,100,2,0.0154,2021/11/30
LU0238689110,100,3,0.005205,2021/11/30
LU0238689110,100,4,0.03398,2021/11/30
LU0238689110,100,5,0.127495,2021/11/30
LU0238689110,100,6,0.015717,2021/11/30
LU0238689110,100,9,0.002447,2021/11/30
LU0238689110,100,10,0.017055,2021/11/30
LU0238689110,100,11,0.00033,2021/11/30
LU0238689110,100,12,0.028274,2021/11/30
LU0238689110,100,13,0.040149,2021/11/30
LU0238689110,100,14,0.04534,2021/11/30
LU0238689110,100,15,0.840855,2021/11/30
LU0238689110,200,101,0.052852,2021/11/30
LU0238689110,200,102,0.121997,2021/11/30
LU0238689110,200,103,0.107446,2021/11/30
LU0238689110,200,104,0.010567,2021/11/30
LU0238689110,200,205,0.030186,2021/11/30
LU0238689110,200,206,0.124826,2021/11/30
LU0238689110,200,207,0.025112,2021/11/30
LU0238689110,200,308,0.089669,2021/11/30
LU0238689110,200,309,0.041873,2021/11/30
LU0238689110,200,310,0.081953,2021/11/30
LU0238689110,200,311,0.199539,2021/11/30
LU0256840447,300,1,0.992852,2021/10/31
LU0256840447,300,7,0.007148,2021/10/31
LU0256840447,100,4,0.002684,2021/10/31
LU0256840447,100,5,0.990168,2021/10/31
LU0256840447,100,15,0.992852,2021/10/31
LU0256840447,200,101,0.016124,2021/10/31
LU0256840447,200,102,0.205855,2021/10/31
LU0256840447,200,103,0.048536,2021/10/31
LU0256840447,200,205,0.072257,2021/10/31
LU0256840447,200,206,0.141247,2021/10/31
LU0256840447,200,308,0.045522,2021/10/31
LU0256840447,200,309,0.002684,2021/10/31
LU0256840447,200,310,0.114897,2021/10/31
LU0256840447,200,311,0.345731,2021/10/31
LU0272423673,300,1,0.992076,2021/9/30
LU0272423673,300,7,0.007923,2021/9/30
LU0272423673,100,1,0.545612,2021/9/30
LU0272423673,100,2,0.05025,2021/9/30
LU0272423673,100,4,0.061272,2021/9/30
LU0272423673,100,5,0.171713,2021/9/30
LU0272423673,100,6,0.109226,2021/9/30
LU0272423673,100,10,0.010095,2021/9/30
LU0272423673,100,11,0.038349,2021/9/30
LU0272423673,100,13,0.005561,2021/9/30
LU0272423673,100,14,0.005561,2021/9/30
LU0272423673,100,15,0.986516,2021/9/30
LU0272423673,200,101,0.321721,2021/9/30
LU0272423673,200,102,0.0689,2021/9/30
LU0272423673,200,205,0.012579,2021/9/30
LU0272423673,200,207,0.088402,2021/9/30
LU0272423673,200,309,0.339269,2021/9/30
LU0272423673,200,310,0.1368,2021/9/30
LU0272423673,200,311,0.024406,2021/9/30
LU0336377303,300,1,0.979876,2021/11/30
LU0336377303,300,7,0.015813,2021/11/30
LU0336377303,300,8,0.004311,2021/11/30
LU0336377303,100,1,0.598229,2021/11/30
LU0336377303,100,2,0.010314,2021/11/30
LU0336377303,100,4,0.035091,2021/11/30
LU0336377303,100,5,0.118937,2021/11/30
LU0336377303,100,6,0.0247,2021/11/30
LU0336377303,100,10,0.098781,2021/11/30
LU0336377303,100,11,0.047874,2021/11/30
LU0336377303,100,12,0.028802,2021/11/30
LU0336377303,100,13,0.01715,2021/11/30
LU0336377303,100,14,0.01715,2021/11/30
LU0336377303,100,15,0.962726,2021/11/30
LU0336377303,200,102,0.012816,2021/11/30
LU0336377303,200,104,0.947667,2021/11/30
LU0336377303,200,308,0.017093,2021/11/30
LU0344579056,300,30,0.957128,2021/11/30
LU0344579056,300,40,0.000008,2021/11/30
LU0344579056,300,50,0.009484,2021/11/30
LU0344579056,300,60,0.00083,2021/11/30
LU0344579056,100,1,0.870233,2021/11/30
LU0344579056,100,2,0.02965,2021/11/30
LU0344579056,100,3,0.003222,2021/11/30
LU0344579056,100,4,0.004649,2021/11/30
LU0344579056,100,5,0.027544,2021/11/30
LU0344579056,100,6,0.000109,2021/11/30
LU0344579056,100,7,0.000026,2021/11/30
LU0344579056,100,11,0.000791,2021/11/30
LU0344579056,100,14,0.003248,2021/11/30
LU0344579056,100,15,0.932975,2021/11/30
LU0348783233,300,1,0.955789,2021/10/31
LU0348783233,300,7,0.044211,2021/10/31
LU0348783233,100,1,0.004761,2021/10/31
LU0348783233,100,4,0.006814,2021/10/31
LU0348783233,100,10,0.241291,2021/10/31
LU0348783233,100,11,0.130244,2021/10/31
LU0348783233,100,12,0.341561,2021/10/31
LU0348783233,100,13,0.225137,2021/10/31
LU0348783233,100,14,0.225137,2021/10/31
LU0348783233,100,15,0.724672,2021/10/31
LU0348783233,200,101,0.04489,2021/10/31
LU0348783233,200,102,0.069158,2021/10/31
LU0348783233,200,103,0.028654,2021/10/31
LU0348783233,200,104,0.031772,2021/10/31
LU0348783233,200,205,0.025981,2021/10/31
LU0348783233,200,206,0.124735,2021/10/31
LU0348783233,200,207,0.006814,2021/10/31
LU0348783233,200,308,0.026223,2021/10/31
LU0348783233,200,309,0.036905,2021/10/31
LU0348783233,200,310,0.140395,2021/10/31
LU0348783233,200,311,0.41428,2021/10/31
LU0348784397,300,1,0.955789,2021/10/31
LU0348784397,300,7,0.044211,2021/10/31
LU0348784397,100,1,0.004761,2021/10/31
LU0348784397,100,4,0.006814,2021/10/31
LU0348784397,100,10,0.241291,2021/10/31
LU0348784397,100,11,0.130244,2021/10/31
LU0348784397,100,12,0.341561,2021/10/31
LU0348784397,100,13,0.225137,2021/10/31
LU0348784397,100,14,0.225137,2021/10/31
LU0348784397,100,15,0.724672,2021/10/31
LU0348784397,200,101,0.04489,2021/10/31
LU0348784397,200,102,0.069158,2021/10/31
LU0348784397,200,103,0.028654,2021/10/31
LU0348784397,200,104,0.031772,2021/10/31
LU0348784397,200,205,0.025981,2021/10/31
LU0348784397,200,206,0.124735,2021/10/31
LU0348784397,200,207,0.006814,2021/10/31
LU0348784397,200,308,0.026223,2021/10/31
LU0348784397,200,309,0.036905,2021/10/31
LU0348784397,200,310,0.140395,2021/10/31
LU0348784397,200,311,0.41428,2021/10/31
LU0348814723,300,1,0.962471,2021/10/31
LU0348814723,300,7,0.03752,2021/10/31
LU0348814723,300,8,0.000009,2021/10/31
LU0348814723,100,1,0.000292,2021/10/31
LU0348814723,100,5,0.000159,2021/10/31
LU0348814723,100,11,0.000365,2021/10/31
LU0348814723,100,12,0.393757,2021/10/31
LU0348814723,100,13,0.567842,2021/10/31
LU0348814723,100,14,0.567842,2021/10/31
LU0348814723,100,15,0.394573,2021/10/31
LU0348814723,200,101,0.037149,2021/10/31
LU0348814723,200,102,0.143843,2021/10/31
LU0348814723,200,103,0.182435,2021/10/31
LU0348814723,200,104,0.021477,2021/10/31
LU0348814723,200,205,0.065871,2021/10/31
LU0348814723,200,206,0.045467,2021/10/31
LU0348814723,200,308,0.15717,2021/10/31
LU0348814723,200,309,0.042324,2021/10/31
LU0348814723,200,310,0.035661,2021/10/31
LU0348814723,200,311,0.231018,2021/10/31
LU0348816934,300,1,0.962471,2021/10/31
LU0348816934,300,7,0.03752,2021/10/31
LU0348816934,300,8,0.000009,2021/10/31
LU0348816934,100,1,0.000292,2021/10/31
LU0348816934,100,5,0.000159,2021/10/31
LU0348816934,100,11,0.000365,2021/10/31
LU0348816934,100,12,0.393757,2021/10/31
LU0348816934,100,13,0.567842,2021/10/31
LU0348816934,100,14,0.567842,2021/10/31
LU0348816934,100,15,0.394573,2021/10/31
LU0348816934,200,101,0.037149,2021/10/31
LU0348816934,200,102,0.143843,2021/10/31
LU0348816934,200,103,0.182435,2021/10/31
LU0348816934,200,104,0.021477,2021/10/31
LU0348816934,200,205,0.065871,2021/10/31
LU0348816934,200,206,0.045467,2021/10/31
LU0348816934,200,308,0.15717,2021/10/31
LU0348816934,200,309,0.042324,2021/10/31
LU0348816934,200,310,0.035661,2021/10/31
LU0348816934,200,311,0.231018,2021/10/31
LU0356780857,300,30,0.957128,2021/11/30
LU0356780857,300,40,0.000008,2021/11/30
LU0356780857,300,50,0.009484,2021/11/30
LU0356780857,300,60,0.00083,2021/11/30
LU0356780857,100,1,0.870233,2021/11/30
LU0356780857,100,2,0.02965,2021/11/30
LU0356780857,100,3,0.003222,2021/11/30
LU0356780857,100,4,0.004649,2021/11/30
LU0356780857,100,5,0.027544,2021/11/30
LU0356780857,100,6,0.000109,2021/11/30
LU0356780857,100,7,0.000026,2021/11/30
LU0356780857,100,11,0.000791,2021/11/30
LU0356780857,100,14,0.003248,2021/11/30
LU0356780857,100,15,0.932975,2021/11/30
LU0471471150,300,10,0.741521,2021/11/30
LU0471471150,300,30,0.230509,2021/11/30
LU0471471150,300,50,0.027869,2021/11/30
LU0471471150,300,60,0.000101,2021/11/30
LU0471471150,100,1,0.002699,2021/11/30
LU0471471150,100,3,0.429701,2021/11/30
LU0471471150,100,4,0.000591,2021/11/30
LU0471471150,100,7,0.108624,2021/11/30
LU0471471150,100,8,0.165134,2021/11/30
LU0471471150,100,9,0.130045,2021/11/30
LU0471471150,100,12,0.00004,2021/11/30
LU0471471150,100,13,0.130573,2021/11/30
LU0471471150,100,14,0.89401,2021/11/30
LU0471471150,100,15,0.075357,2021/11/30
LU0531876844,300,1,0.921756,2020/7/31
LU0531876844,300,3,0.006074,2020/7/31
LU0531876844,300,6,0.072171,2020/7/31
LU0531876844,100,12,0.068111,2020/7/31
LU0531876844,100,13,0.853645,2020/7/31
LU0531876844,100,14,0.853645,2020/7/31
LU0531876844,100,15,0.068111,2020/7/31
LU0531876844,200,101,0.048131,2020/7/31
LU0531876844,200,102,0.19255,2020/7/31
LU0531876844,200,103,0.160366,2020/7/31
LU0531876844,200,104,0.141839,2020/7/31
LU0531876844,200,205,0.049922,2020/7/31
LU0531876844,200,206,0.119398,2020/7/31
LU0531876844,200,308,0.156866,2020/7/31
LU0531876844,200,310,0.002692,2020/7/31
LU0531876844,200,311,0.049992,2020/7/31
LU0545039389,100,15,0.96242,2021/11/30
LU0545039389,200,102,0.06887,2021/11/30
LU0545039389,200,103,0.199594,2021/11/30
LU0545039389,200,104,0.014107,2021/11/30
LU0545039389,200,205,0.113409,2021/11/30
LU0545039389,200,206,0.201743,2021/11/30
LU0545039389,200,207,0.038488,2021/11/30
LU0545039389,200,308,0.086283,2021/11/30
LU0545039389,200,309,0.008262,2021/11/30
LU0545039389,200,310,0.084803,2021/11/30
LU0545039389,200,311,0.182425,2021/11/30
LU0545039389,300,1,0.997983,2021/11/30
LU0545039389,300,7,0.002018,2021/11/30
LU0545039389,100,1,0.53676,2021/11/30
LU0545039389,100,2,0.026186,2021/11/30
LU0545039389,100,3,0.008991,2021/11/30
LU0545039389,100,4,0.172786,2021/11/30
LU0545039389,100,5,0.139437,2021/11/30
LU0545039389,100,6,0.031584,2021/11/30
LU0545039389,100,10,0.010345,2021/11/30
LU0545039389,100,12,0.045322,2021/11/30
LU0545039389,100,13,0.026572,2021/11/30
LU0545039389,100,14,0.035563,2021/11/30
LU0560541111,300,1,0.995755,2021/12/31
LU0560541111,300,7,0.004245,2021/12/31
LU0560541111,100,10,0.995755,2021/12/31
LU0560541111,100,15,0.995755,2021/12/31
LU0560541111,200,101,0.144544,2021/12/31
LU0560541111,200,102,0.151184,2021/12/31
LU0560541111,200,103,0.224359,2021/12/31
LU0560541111,200,104,0.072577,2021/12/31
LU0560541111,200,205,0.055519,2021/12/31
LU0560541111,200,206,0.052669,2021/12/31
LU0560541111,200,308,0.023326,2021/12/31
LU0560541111,200,310,0.219114,2021/12/31
LU0560541111,200,311,0.052464,2021/12/31
LU0683600562,300,1,0.997219,2021/11/30
LU0683600562,300,8,0.002781,2021/11/30
LU0683600562,100,1,0.981169,2021/11/30
LU0683600562,100,13,0.01605,2021/11/30
LU0683600562,100,14,0.01605,2021/11/30
LU0683600562,100,15,0.981169,2021/11/30
LU0683600562,200,102,0.082513,2021/11/30
LU0683600562,200,103,0.197615,2021/11/30
LU0683600562,200,104,0.00579,2021/11/30
LU0683600562,200,205,0.079995,2021/11/30
LU0683600562,200,206,0.126124,2021/11/30
LU0683600562,200,207,0.011713,2021/11/30
LU0683600562,200,308,0.10336,2021/11/30
LU0683600562,200,309,0.047618,2021/11/30
LU0683600562,200,310,0.108392,2021/11/30
LU0683600562,200,311,0.2341,2021/11/30
LU0689472784,300,1,0.337972,2021/10/31
LU0689472784,300,3,0.310838,2021/10/31
LU0689472784,300,5,0.048921,2021/10/31
LU0689472784,300,6,0.255304,2021/10/31
LU0689472784,300,7,0.046966,2021/10/31
LU0689472784,100,1,0.337743,2021/10/31
LU0689472784,100,2,0.002654,2021/10/31
LU0689472784,100,3,0.000106,2021/10/31
LU0689472784,100,4,0.00004,2021/10/31
LU0689472784,100,5,0.000154,2021/10/31
LU0689472784,100,6,0.000074,2021/10/31
LU0689472784,100,7,0.000006,2021/10/31
LU0689472784,100,10,0.000146,2021/10/31
LU0689472784,100,12,0.000061,2021/10/31
LU0689472784,100,13,0.00008,2021/10/31
LU0689472784,100,14,0.000142,2021/10/31
LU0689472784,100,15,0.34092,2021/10/31
LU0689472784,200,101,0.004067,2021/10/31
LU0689472784,200,102,0.061754,2021/10/31
LU0689472784,200,103,0.037064,2021/10/31
LU0689472784,200,104,0.003281,2021/10/31
LU0689472784,200,205,0.008451,2021/10/31
LU0689472784,200,206,0.04462,2021/10/31
LU0689472784,200,207,0.008089,2021/10/31
LU0689472784,200,308,0.039666,2021/10/31
LU0689472784,200,309,0.012698,2021/10/31
LU0689472784,200,310,0.014351,2021/10/31
LU0689472784,200,311,0.106974,2021/10/31
LU0708185235,300,1,0.998138,2021/11/30
LU0708185235,300,7,0.001862,2021/11/30
LU0708185235,100,1,0.025011,2021/11/30
LU0708185235,100,12,0.148418,2021/11/30
LU0708185235,100,13,0.82471,2021/11/30
LU0708185235,100,14,0.82471,2021/11/30
LU0708185235,100,15,0.173429,2021/11/30
LU0708185235,200,101,0.010271,2021/11/30
LU0708185235,200,102,0.146008,2021/11/30
LU0708185235,200,103,0.071639,2021/11/30
LU0708185235,200,104,0.03959,2021/11/30
LU0708185235,200,205,0.143967,2021/11/30
LU0708185235,200,206,0.147689,2021/11/30
LU0708185235,200,207,0.1364,2021/11/30
LU0708185235,200,308,0.067538,2021/11/30
LU0708185235,200,310,0.032717,2021/11/30
LU0708185235,200,311,0.202318,2021/11/30
LU0727847666,300,30,0.957128,2021/11/30
LU0727847666,300,40,0.000008,2021/11/30
LU0727847666,300,50,0.009484,2021/11/30
LU0727847666,300,60,0.00083,2021/11/30
LU0727847666,100,1,0.870233,2021/11/30
LU0727847666,100,2,0.02965,2021/11/30
LU0727847666,100,3,0.003222,2021/11/30
LU0727847666,100,4,0.004649,2021/11/30
LU0727847666,100,5,0.027544,2021/11/30
LU0727847666,100,6,0.000109,2021/11/30
LU0727847666,100,7,0.000026,2021/11/30
LU0727847666,100,11,0.000791,2021/11/30
LU0727847666,100,14,0.003248,2021/11/30
LU0727847666,100,15,0.932975,2021/11/30
LU0744789560,300,1,0.998138,2021/11/30
LU0744789560,300,7,0.001862,2021/11/30
LU0744789560,100,1,0.025011,2021/11/30
LU0744789560,100,12,0.148418,2021/11/30
LU0744789560,100,13,0.82471,2021/11/30
LU0744789560,100,14,0.82471,2021/11/30
LU0744789560,100,15,0.173429,2021/11/30
LU0744789560,200,101,0.010271,2021/11/30
LU0744789560,200,102,0.146008,2021/11/30
LU0744789560,200,103,0.071639,2021/11/30
LU0744789560,200,104,0.03959,2021/11/30
LU0744789560,200,205,0.143967,2021/11/30
LU0744789560,200,206,0.147689,2021/11/30
LU0744789560,200,207,0.1364,2021/11/30
LU0744789560,200,308,0.067538,2021/11/30
LU0744789560,200,310,0.032717,2021/11/30
LU0744789560,200,311,0.202318,2021/11/30
LU0762541174,300,1,0.369639,2021/11/30
LU0762541174,300,3,0.566619,2021/11/30
LU0762541174,300,6,0.019155,2021/11/30
LU0762541174,300,7,0.044579,2021/11/30
LU0762541174,300,8,0.000008,2021/11/30
LU0762541174,100,12,0.199346,2021/11/30
LU0762541174,100,13,0.170294,2021/11/30
LU0762541174,100,14,0.170294,2021/11/30
LU0762541174,100,15,0.199346,2021/11/30
LU0762541174,200,101,0.01644,2021/11/30
LU0762541174,200,102,0.006585,2021/11/30
LU0762541174,200,103,0.099703,2021/11/30
LU0762541174,200,104,0.027292,2021/11/30
LU0762541174,200,205,0.01764,2021/11/30
LU0762541174,200,207,0.005553,2021/11/30
LU0762541174,200,308,0.05325,2021/11/30
LU0762541174,200,310,0.009695,2021/11/30
LU0762541174,200,311,0.133482,2021/11/30
LU0762542818,300,1,0.369639,2021/11/30
LU0762542818,300,3,0.566619,2021/11/30
LU0762542818,300,6,0.019155,2021/11/30
LU0762542818,300,7,0.044579,2021/11/30
LU0762542818,300,8,0.000008,2021/11/30
LU0762542818,100,12,0.199346,2021/11/30
LU0762542818,100,13,0.170294,2021/11/30
LU0762542818,100,14,0.170294,2021/11/30
LU0762542818,100,15,0.199346,2021/11/30
LU0762542818,200,101,0.01644,2021/11/30
LU0762542818,200,102,0.006585,2021/11/30
LU0762542818,200,103,0.099703,2021/11/30
LU0762542818,200,104,0.027292,2021/11/30
LU0762542818,200,205,0.01764,2021/11/30
LU0762542818,200,207,0.005553,2021/11/30
LU0762542818,200,308,0.05325,2021/11/30
LU0762542818,200,310,0.009695,2021/11/30
LU0762542818,200,311,0.133482,2021/11/30
LU0784640038,300,30,0.955186,2021/11/30
LU0784640038,300,50,0.026643,2021/11/30
LU0784640038,100,1,0.870733,2021/11/30
LU0784640038,100,2,0.027902,2021/11/30
LU0784640038,100,3,0.001452,2021/11/30
LU0784640038,100,4,0.003285,2021/11/30
LU0784640038,100,5,0.026378,2021/11/30
LU0784640038,100,11,0.000696,2021/11/30
LU0784640038,100,14,0.001452,2021/11/30
LU0784640038,100,15,0.928993,2021/11/30
LU0815945547,300,10,0.094671,2021/11/30
LU0815945547,300,30,0.678472,2021/11/30
LU0815945547,300,50,0.226857,2021/11/30
LU0815945547,100,1,0.001817,2021/11/30
LU0815945547,100,4,0.059574,2021/11/30
LU0815945547,100,5,0.003572,2021/11/30
LU0815945547,100,6,0.00175,2021/11/30
LU0815945547,100,10,0.006359,2021/11/30
LU0815945547,100,11,0.009383,2021/11/30
LU0815945547,100,12,0.472068,2021/11/30
LU0815945547,100,13,0.170362,2021/11/30
LU0815945547,100,14,0.170362,2021/11/30
LU0815945547,100,15,0.554523,2021/11/30
LU0853555463,300,10,0.276369,2021/8/31
LU0853555463,300,20,0.000019,2021/8/31
LU0853555463,300,30,0.67245,2021/8/31
LU0853555463,300,40,0.023235,2021/8/31
LU0853555463,300,50,0.024529,2021/8/31
LU0853555463,300,60,-0.002374,2021/8/31
LU0853555463,100,1,0.281363,2021/8/31
LU0853555463,100,2,0.00281,2021/8/31
LU0853555463,100,3,0.017374,2021/8/31
LU0853555463,100,4,0.181915,2021/8/31
LU0853555463,100,5,0.178656,2021/8/31
LU0853555463,100,6,0.008606,2021/8/31
LU0853555463,100,7,0.033079,2021/8/31
LU0853555463,100,8,0.009147,2021/8/31
LU0853555463,100,9,0.009712,2021/8/31
LU0853555463,100,10,0.005258,2021/8/31
LU0853555463,100,11,0.150414,2021/8/31
LU0853555463,100,12,0.00868,2021/8/31
LU0853555463,100,13,0.023698,2021/8/31
LU0853555463,100,14,0.083346,2021/8/31
LU0853555463,100,15,0.827443,2021/8/31
LU0862451837,300,1,0.987881,2021/11/30
LU0862451837,300,7,0.012119,2021/11/30
LU0862451837,100,1,0.002744,2021/11/30
LU0862451837,100,3,0.097451,2021/11/30
LU0862451837,100,7,0.068965,2021/11/30
LU0862451837,100,8,0.025584,2021/11/30
LU0862451837,100,9,0.004389,2021/11/30
LU0862451837,100,12,0.355104,2021/11/30
LU0862451837,100,13,0.433644,2021/11/30
LU0862451837,100,14,0.630034,2021/11/30
LU0862451837,100,15,0.357848,2021/11/30
LU0862451837,200,101,0.022645,2021/11/30
LU0862451837,200,102,0.111235,2021/11/30
LU0862451837,200,103,0.257076,2021/11/30
LU0862451837,200,104,0.011871,2021/11/30
LU0862451837,200,205,0.118027,2021/11/30
LU0862451837,200,207,0.007498,2021/11/30
LU0862451837,200,308,0.072188,2021/11/30
LU0862451837,200,309,0.012494,2021/11/30
LU0862451837,200,310,0.016667,2021/11/30
LU0862451837,200,311,0.355203,2021/11/30
LU0863150172,300,1,0.97854,2021/11/30
LU0863150172,300,7,0.02146,2021/11/30
LU0863150172,100,1,0.97854,2021/11/30
LU0863150172,100,15,0.97854,2021/11/30
LU0863150172,200,101,0.027242,2021/11/30
LU0863150172,200,102,0.153824,2021/11/30
LU0863150172,200,103,0.176098,2021/11/30
LU0863150172,200,104,0.047896,2021/11/30
LU0863150172,200,205,0.02927,2021/11/30
LU0863150172,200,206,0.129418,2021/11/30
LU0863150172,200,207,0.019877,2021/11/30
LU0863150172,200,308,0.084892,2021/11/30
LU0863150172,200,309,0.037627,2021/11/30
LU0863150172,200,310,0.06484,2021/11/30
LU0863150172,200,311,0.207557,2021/11/30
LU0889220934,300,10,0.023858,2021/11/30
LU0889220934,300,30,0.917909,2021/11/30
LU0889220934,300,50,0.058487,2021/11/30
LU0889220934,300,60,-0.000254,2021/11/30
LU0889220934,100,1,0.10019,2021/11/30
LU0889220934,100,2,0.000907,2021/11/30
LU0889220934,100,3,0.025459,2021/11/30
LU0889220934,100,4,0.039089,2021/11/30
LU0889220934,100,5,0.630093,2021/11/30
LU0889220934,100,6,0.049967,2021/11/30
LU0889220934,100,7,0.017102,2021/11/30
LU0889220934,100,8,0.005386,2021/11/30
LU0889220934,100,9,0.013607,2021/11/30
LU0889220934,100,10,0.011997,2021/11/30
LU0889220934,100,14,0.045551,2021/11/30
LU0889220934,100,15,0.848246,2021/11/30
LU0927678507,200,205,0.010227,2021/11/30
LU0927678507,200,206,0.153093,2021/11/30
LU0927678507,200,207,0.006134,2021/11/30
LU0927678507,200,308,0.046139,2021/11/30
LU0927678507,200,310,0.237625,2021/11/30
LU0927678507,200,311,0.335931,2021/11/30
LU0927678507,300,1,0.9949,2021/11/30
LU0927678507,300,7,0.0051,2021/11/30
LU0927678507,100,10,0.9949,2021/11/30
LU0927678507,100,15,0.9949,2021/11/30
LU0927678507,200,101,0.03917,2021/11/30
LU0927678507,200,102,0.095919,2021/11/30
LU0927678507,200,103,0.050333,2021/11/30
LU0927678507,200,104,0.02033,2021/11/30
LU0965088593,300,1,0.995755,2021/12/31
LU0965088593,300,7,0.004245,2021/12/31
LU0965088593,100,10,0.995755,2021/12/31
LU0965088593,100,15,0.995755,2021/12/31
LU0965088593,200,101,0.144544,2021/12/31
LU0965088593,200,102,0.151184,2021/12/31
LU0965088593,200,103,0.224359,2021/12/31
LU0965088593,200,104,0.072577,2021/12/31
LU0965088593,200,205,0.055519,2021/12/31
LU0965088593,200,206,0.052669,2021/12/31
LU0965088593,200,308,0.023326,2021/12/31
LU0965088593,200,310,0.219114,2021/12/31
LU0965088593,200,311,0.052464,2021/12/31
LU0980739220,300,1,0.992852,2021/10/31
LU0980739220,300,7,0.007148,2021/10/31
LU0980739220,100,4,0.002684,2021/10/31
LU0980739220,100,5,0.990168,2021/10/31
LU0980739220,100,15,0.992852,2021/10/31
LU0980739220,200,101,0.016124,2021/10/31
LU0980739220,200,102,0.205855,2021/10/31
LU0980739220,200,103,0.048536,2021/10/31
LU0980739220,200,205,0.072257,2021/10/31
LU0980739220,200,206,0.141247,2021/10/31
LU0980739220,200,308,0.045522,2021/10/31
LU0980739220,200,309,0.002684,2021/10/31
LU0980739220,200,310,0.114897,2021/10/31
LU0980739220,200,311,0.345731,2021/10/31
LU0987226023,300,1,0.976424,2021/11/30
LU0987226023,300,7,0.009633,2021/11/30
LU0987226023,300,8,0.013944,2021/11/30
LU0987226023,100,3,0.008775,2021/11/30
LU0987226023,100,4,0.205505,2021/11/30
LU0987226023,100,5,0.518215,2021/11/30
LU0987226023,100,6,0.243929,2021/11/30
LU0987226023,100,14,0.008775,2021/11/30
LU0987226023,100,15,0.967649,2021/11/30
LU0987226023,200,101,0.054538,2021/11/30
LU0987226023,200,102,0.178593,2021/11/30
LU0987226023,200,103,0.191357,2021/11/30
LU0987226023,200,104,0.011114,2021/11/30
LU0987226023,200,205,0.085472,2021/11/30
LU0987226023,200,206,0.111042,2021/11/30
LU0987226023,200,207,0.0223,2021/11/30
LU0987226023,200,308,0.042013,2021/11/30
LU0987226023,200,309,0.05253,2021/11/30
LU0987226023,200,310,0.139153,2021/11/30
LU0987226023,200,311,0.088311,2021/11/30
LU0987226296,300,1,0.976424,2021/11/30
LU0987226296,300,7,0.009633,2021/11/30
LU0987226296,300,8,0.013944,2021/11/30
LU0987226296,100,3,0.008775,2021/11/30
LU0987226296,100,4,0.205505,2021/11/30
LU0987226296,100,5,0.518215,2021/11/30
LU0987226296,100,6,0.243929,2021/11/30
LU0987226296,100,14,0.008775,2021/11/30
LU0987226296,100,15,0.967649,2021/11/30
LU0987226296,200,101,0.054538,2021/11/30
LU0987226296,200,102,0.178593,2021/11/30
LU0987226296,200,103,0.191357,2021/11/30
LU0987226296,200,104,0.011114,2021/11/30
LU0987226296,200,205,0.085472,2021/11/30
LU0987226296,200,206,0.111042,2021/11/30
LU0987226296,200,207,0.0223,2021/11/30
LU0987226296,200,308,0.042013,2021/11/30
LU0987226296,200,309,0.05253,2021/11/30
LU0987226296,200,310,0.139153,2021/11/30
LU0987226296,200,311,0.088311,2021/11/30
LU0992293067,300,10,0.276369,2021/8/31
LU0992293067,300,20,0.000019,2021/8/31
LU0992293067,300,30,0.67245,2021/8/31
LU0992293067,300,40,0.023235,2021/8/31
LU0992293067,300,50,0.024529,2021/8/31
LU0992293067,300,60,-0.002374,2021/8/31
LU0992293067,100,1,0.281363,2021/8/31
LU0992293067,100,2,0.00281,2021/8/31
LU0992293067,100,3,0.017374,2021/8/31
LU0992293067,100,4,0.181915,2021/8/31
LU0992293067,100,5,0.178656,2021/8/31
LU0992293067,100,6,0.008606,2021/8/31
LU0992293067,100,7,0.033079,2021/8/31
LU0992293067,100,8,0.009147,2021/8/31
LU0992293067,100,9,0.009712,2021/8/31
LU0992293067,100,10,0.005258,2021/8/31
LU0992293067,100,11,0.150414,2021/8/31
LU0992293067,100,12,0.00868,2021/8/31
LU0992293067,100,13,0.023698,2021/8/31
LU0992293067,100,14,0.083346,2021/8/31
LU0992293067,100,15,0.827443,2021/8/31
LU1005227563,300,10,0.420266,2021/11/30
LU1005227563,300,30,0.557506,2021/11/30
LU1005227563,300,50,0.022056,2021/11/30
LU1005227563,300,60,0.000173,2021/11/30
LU1005227563,100,1,0.001638,2021/11/30
LU1005227563,100,3,0.340139,2021/11/30
LU1005227563,100,7,0.057846,2021/11/30
LU1005227563,100,9,0.215552,2021/11/30
LU1005227563,100,12,0.063911,2021/11/30
LU1005227563,100,13,0.246801,2021/11/30
LU1005227563,100,14,0.690593,2021/11/30
LU1005227563,100,15,0.276976,2021/11/30
LU1034075835,300,1,0.983433,2021/11/30
LU1034075835,300,7,0.016567,2021/11/30
LU1034075835,100,1,0.016749,2021/11/30
LU1034075835,100,4,0.09257,2021/11/30
LU1034075835,100,5,0.733705,2021/11/30
LU1034075835,100,6,0.108787,2021/11/30
LU1034075835,100,12,0.031623,2021/11/30
LU1034075835,100,15,0.983433,2021/11/30
LU1034075835,200,102,0.013028,2021/11/30
LU1034075835,200,103,0.004571,2021/11/30
LU1034075835,200,206,0.006142,2021/11/30
LU1034075835,200,207,0.014429,2021/11/30
LU1034075835,200,308,0.079919,2021/11/30
LU1034075835,200,310,0.067289,2021/11/30
LU1034075835,200,311,0.798149,2021/11/30
LU1041599405,300,10,0.070892,2021/11/30
LU1041599405,300,20,0.000076,2021/11/30
LU1041599405,300,30,0.36087,2021/11/30
LU1041599405,300,40,0.506311,2021/11/30
LU1041599405,300,50,0.060318,2021/11/30
LU1041599405,300,60,-0.000982,2021/11/30
LU1041599405,100,1,0.818283,2021/11/30
LU1041599405,100,2,0.008234,2021/11/30
LU1041599405,100,3,0.026389,2021/11/30
LU1041599405,100,4,0.004567,2021/11/30
LU1041599405,100,5,0.01413,2021/11/30
LU1041599405,100,6,0.001428,2021/11/30
LU1041599405,100,7,0.003775,2021/11/30
LU1041599405,100,8,0.023583,2021/11/30
LU1041599405,100,9,0.008035,2021/11/30
LU1041599405,100,10,0.00061,2021/11/30
LU1041599405,100,11,0.000457,2021/11/30
LU1041599405,100,12,0.000053,2021/11/30
LU1041599405,100,13,0.005208,2021/11/30
LU1041599405,100,14,0.063917,2021/11/30
LU1041599405,100,15,0.850834,2021/11/30
LU1075211356,300,1,0.955368,2021/11/30
LU1075211356,300,7,0.039217,2021/11/30
LU1075211356,300,8,0.005415,2021/11/30
LU1075211356,100,1,0.020611,2021/11/30
LU1075211356,100,3,0.000237,2021/11/30
LU1075211356,100,4,0.165532,2021/11/30
LU1075211356,100,5,0.442424,2021/11/30
LU1075211356,100,6,0.325573,2021/11/30
LU1075211356,100,12,0.000992,2021/11/30
LU1075211356,100,14,0.000237,2021/11/30
LU1075211356,100,15,0.955131,2021/11/30
LU1075211356,200,101,0.071729,2021/11/30
LU1075211356,200,102,0.062141,2021/11/30
LU1075211356,200,103,0.118363,2021/11/30
LU1075211356,200,104,0.005222,2021/11/30
LU1075211356,200,205,0.198588,2021/11/30
LU1075211356,200,206,0.199322,2021/11/30
LU1075211356,200,207,0.007727,2021/11/30
LU1075211356,200,308,0.108915,2021/11/30
LU1075211356,200,309,0.000559,2021/11/30
LU1075211356,200,310,0.139911,2021/11/30
LU1075211356,200,311,0.042891,2021/11/30
LU1097445909,300,1,0.921756,2020/7/31
LU1097445909,300,3,0.006074,2020/7/31
LU1097445909,300,6,0.072171,2020/7/31
LU1097445909,100,12,0.068111,2020/7/31
LU1097445909,100,13,0.853645,2020/7/31
LU1097445909,100,14,0.853645,2020/7/31
LU1097445909,100,15,0.068111,2020/7/31
LU1097445909,200,101,0.048131,2020/7/31
LU1097445909,200,102,0.19255,2020/7/31
LU1097445909,200,103,0.160366,2020/7/31
LU1097445909,200,104,0.141839,2020/7/31
LU1097445909,200,205,0.049922,2020/7/31
LU1097445909,200,206,0.119398,2020/7/31
LU1097445909,200,308,0.156866,2020/7/31
LU1097445909,200,310,0.002692,2020/7/31
LU1097445909,200,311,0.049992,2020/7/31
LU1128926307,300,10,0.070892,2021/11/30
LU1128926307,300,20,0.000076,2021/11/30
LU1128926307,300,30,0.36087,2021/11/30
LU1128926307,300,40,0.506311,2021/11/30
LU1128926307,300,50,0.060318,2021/11/30
LU1128926307,300,60,-0.000982,2021/11/30
LU1128926307,100,1,0.818283,2021/11/30
LU1128926307,100,2,0.008234,2021/11/30
LU1128926307,100,3,0.026389,2021/11/30
LU1128926307,100,4,0.004567,2021/11/30
LU1128926307,100,5,0.01413,2021/11/30
LU1128926307,100,6,0.001428,2021/11/30
LU1128926307,100,7,0.003775,2021/11/30
LU1128926307,100,8,0.023583,2021/11/30
LU1128926307,100,9,0.008035,2021/11/30
LU1128926307,100,10,0.00061,2021/11/30
LU1128926307,100,11,0.000457,2021/11/30
LU1128926307,100,12,0.000053,2021/11/30
LU1128926307,100,13,0.005208,2021/11/30
LU1128926307,100,14,0.063917,2021/11/30
LU1128926307,100,15,0.850834,2021/11/30
LU1128926489,300,10,0.070892,2021/11/30
LU1128926489,300,20,0.000076,2021/11/30
LU1128926489,300,30,0.36087,2021/11/30
LU1128926489,300,40,0.506311,2021/11/30
LU1128926489,300,50,0.060318,2021/11/30
LU1128926489,300,60,-0.000982,2021/11/30
LU1128926489,100,1,0.818283,2021/11/30
LU1128926489,100,2,0.008234,2021/11/30
LU1128926489,100,3,0.026389,2021/11/30
LU1128926489,100,4,0.004567,2021/11/30
LU1128926489,100,5,0.01413,2021/11/30
LU1128926489,100,6,0.001428,2021/11/30
LU1128926489,100,7,0.003775,2021/11/30
LU1128926489,100,8,0.023583,2021/11/30
LU1128926489,100,9,0.008035,2021/11/30
LU1128926489,100,10,0.00061,2021/11/30
LU1128926489,100,11,0.000457,2021/11/30
LU1128926489,100,12,0.000053,2021/11/30
LU1128926489,100,13,0.005208,2021/11/30
LU1128926489,100,14,0.063917,2021/11/30
LU1128926489,100,15,0.850834,2021/11/30
LU1216622560,300,10,0.024646,2021/9/30
LU1216622560,300,20,0.007808,2021/9/30
LU1216622560,300,30,0.897189,2021/9/30
LU1216622560,300,50,0.024117,2021/9/30
LU1216622560,100,1,0.476181,2021/9/30
LU1216622560,100,2,0.014709,2021/9/30
LU1216622560,100,3,0.085,2021/9/30
LU1216622560,100,4,0.093814,2021/9/30
LU1216622560,100,5,0.126713,2021/9/30
LU1216622560,100,6,0.013323,2021/9/30
LU1216622560,100,7,0.01667,2021/9/30
LU1216622560,100,8,0.014281,2021/9/30
LU1216622560,100,9,0.033621,2021/9/30
LU1216622560,100,11,0.001219,2021/9/30
LU1216622560,100,12,0.007346,2021/9/30
LU1216622560,100,13,0.058603,2021/9/30
LU1216622560,100,14,0.169852,2021/9/30
LU1216622560,100,15,0.771627,2021/9/30
LU1244138183,200,103,0.281272,2021/9/30
LU1244138183,200,104,0.024698,2021/9/30
LU1244138183,200,205,0.064973,2021/9/30
LU1244138183,200,206,0.012647,2021/9/30
LU1244138183,200,207,0.039436,2021/9/30
LU1244138183,200,308,0.104405,2021/9/30
LU1244138183,200,309,0.084238,2021/9/30
LU1244138183,200,310,0.070667,2021/9/30
LU1244138183,200,311,0.118591,2021/9/30
LU1244138183,300,1,0.978067,2021/9/30
LU1244138183,300,7,0.021932,2021/9/30
LU1244138183,100,1,0.010624,2021/9/30
LU1244138183,100,3,0.100872,2021/9/30
LU1244138183,100,4,0.015866,2021/9/30
LU1244138183,100,5,0.059966,2021/9/30
LU1244138183,100,6,0.013329,2021/9/30
LU1244138183,100,7,0.095357,2021/9/30
LU1244138183,100,8,0.019646,2021/9/30
LU1244138183,100,9,0.037364,2021/9/30
LU1244138183,100,12,0.160861,2021/9/30
LU1244138183,100,13,0.464184,2021/9/30
LU1244138183,100,14,0.717422,2021/9/30
LU1244138183,100,15,0.260646,2021/9/30
LU1244138183,200,101,0.082232,2021/9/30
LU1244138183,200,102,0.094908,2021/9/30
LU1244139074,300,10,0.294891,2021/9/30
LU1244139074,300,20,0.046511,2021/9/30
LU1244139074,300,30,0.444804,2021/9/30
LU1244139074,300,40,0.233063,2021/9/30
LU1244139074,300,50,-0.038289,2021/9/30
LU1244139074,300,60,0.006446,2021/9/30
LU1244139074,100,1,0.503709,2021/9/30
LU1244139074,100,2,0.011556,2021/9/30
LU1244139074,100,3,0.139429,2021/9/30
LU1244139074,100,4,0.016104,2021/9/30
LU1244139074,100,5,0.084761,2021/9/30
LU1244139074,100,6,0.024761,2021/9/30
LU1244139074,100,7,0.04878,2021/9/30
LU1244139074,100,8,0.018879,2021/9/30
LU1244139074,100,9,0.054086,2021/9/30
LU1244139074,100,10,0.004554,2021/9/30
LU1244139074,100,11,0.008344,2021/9/30
LU1244139074,100,12,0.003289,2021/9/30
LU1244139074,100,13,0.110749,2021/9/30
LU1244139074,100,14,0.307352,2021/9/30
LU1244139074,100,15,0.721649,2021/9/30
LU1273543592,300,1,0.971131,2021/11/30
LU1273543592,300,7,0.027354,2021/11/30
LU1273543592,300,8,0.001515,2021/11/30
LU1273543592,100,4,0.302527,2021/11/30
LU1273543592,100,5,0.347164,2021/11/30
LU1273543592,100,6,0.318989,2021/11/30
LU1273543592,100,9,0.002451,2021/11/30
LU1273543592,100,15,0.971131,2021/11/30
LU1273543592,200,101,0.008587,2021/11/30
LU1273543592,200,102,0.21542,2021/11/30
LU1273543592,200,103,0.138185,2021/11/30
LU1273543592,200,104,0.038351,2021/11/30
LU1273543592,200,205,0.038297,2021/11/30
LU1273543592,200,206,0.062516,2021/11/30
LU1273543592,200,207,0.003354,2021/11/30
LU1273543592,200,308,0.041392,2021/11/30
LU1273543592,200,309,0.007204,2021/11/30
LU1273543592,200,310,0.270437,2021/11/30
LU1273543592,200,311,0.147388,2021/11/30
LU1323998911,300,1,0.401737,2021/11/30
LU1323998911,300,3,0.463286,2021/11/30
LU1323998911,300,6,0.006682,2021/11/30
LU1323998911,300,7,0.121194,2021/11/30
LU1323998911,300,8,0.007101,2021/11/30
LU1323998911,100,1,0.001131,2021/11/30
LU1323998911,100,4,0.003666,2021/11/30
LU1323998911,100,5,0.000067,2021/11/30
LU1323998911,100,10,0.031397,2021/11/30
LU1323998911,100,11,0.063921,2021/11/30
LU1323998911,100,12,0.159525,2021/11/30
LU1323998911,100,13,0.141334,2021/11/30
LU1323998911,100,14,0.141334,2021/11/30
LU1323998911,100,15,0.259706,2021/11/30
LU1323998911,200,101,0.010355,2021/11/30
LU1323998911,200,102,0.02885,2021/11/30
LU1323998911,200,103,0.048179,2021/11/30
LU1323998911,200,104,0.121705,2021/11/30
LU1323998911,200,205,0.005782,2021/11/30
LU1323998911,200,206,0.009694,2021/11/30
LU1323998911,200,207,0.009588,2021/11/30
LU1323998911,200,308,0.039215,2021/11/30
LU1323998911,200,309,0.005712,2021/11/30
LU1323998911,200,310,0.05132,2021/11/30
LU1323998911,200,311,0.070641,2021/11/30
LU1366192091,300,1,0.949219,2021/11/30
LU1366192091,300,7,0.050781,2021/11/30
LU1366192091,100,1,0.950776,2021/11/30
LU1366192091,100,15,0.950776,2021/11/30
LU1366192091,200,101,0.017216,2021/11/30
LU1366192091,200,102,0.185082,2021/11/30
LU1366192091,200,103,0.091529,2021/11/30
LU1366192091,200,104,0.009397,2021/11/30
LU1366192091,200,205,0.026374,2021/11/30
LU1366192091,200,206,0.125384,2021/11/30
LU1366192091,200,308,0.099406,2021/11/30
LU1366192091,200,309,0.023242,2021/11/30
LU1366192091,200,310,0.029105,2021/11/30
LU1366192091,200,311,0.34404,2021/11/30
LU1497733557,300,1,0.965991,2021/11/30
LU1497733557,300,8,0.034009,2021/11/30
LU1497733557,100,4,0.016862,2021/11/30
LU1497733557,100,8,0.000013,2021/11/30
LU1497733557,100,11,0.072864,2021/11/30
LU1497733557,100,12,0.303398,2021/11/30
LU1497733557,100,13,0.573421,2021/11/30
LU1497733557,100,14,0.573434,2021/11/30
LU1497733557,100,15,0.393124,2021/11/30
LU1497733557,200,101,0.080252,2021/11/30
LU1497733557,200,102,0.04823,2021/11/30
LU1497733557,200,103,0.236928,2021/11/30
LU1497733557,200,104,0.030351,2021/11/30
LU1497733557,200,205,0.135848,2021/11/30
LU1497733557,200,206,0.026196,2021/11/30
LU1497733557,200,207,0.112481,2021/11/30
LU1497733557,200,308,0.117631,2021/11/30
LU1497733557,200,309,0.007577,2021/11/30
LU1497733557,200,310,0.043236,2021/11/30
LU1497733557,200,311,0.127814,2021/11/30
LU1548497426,300,1,0.98824,2021/10/31
LU1548497426,300,3,0.000531,2021/10/31
LU1548497426,300,5,0.000827,2021/10/31
LU1548497426,300,6,0.001511,2021/10/31
LU1548497426,300,7,0.008891,2021/10/31
LU1548497426,100,1,0.909979,2021/10/31
LU1548497426,100,2,0.026309,2021/10/31
LU1548497426,100,5,0.014336,2021/10/31
LU1548497426,100,6,0.000121,2021/10/31
LU1548497426,100,10,0.004265,2021/10/31
LU1548497426,100,12,0.005214,2021/10/31
LU1548497426,100,13,0.028017,2021/10/31
LU1548497426,100,14,0.028017,2021/10/31
LU1548497426,100,15,0.960224,2021/10/31
LU1548497426,200,101,0.022334,2021/10/31
LU1548497426,200,102,0.118442,2021/10/31
LU1548497426,200,103,0.015349,2021/10/31
LU1548497426,200,104,0.008835,2021/10/31
LU1548497426,200,206,0.05307,2021/10/31
LU1548497426,200,207,0.00018,2021/10/31
LU1548497426,200,308,0.199933,2021/10/31
LU1548497426,200,309,0.027909,2021/10/31
LU1548497426,200,310,0.063165,2021/10/31
LU1548497426,200,311,0.479024,2021/10/31
LU1560902808,300,10,0.20411,2021/11/30
LU1560902808,300,30,0.76489,2021/11/30
LU1560902808,300,50,0.031569,2021/11/30
LU1560902808,300,60,-0.000569,2021/11/30
LU1560902808,100,1,0.803181,2021/11/30
LU1560902808,100,2,0.011484,2021/11/30
LU1560902808,100,3,0.035509,2021/11/30
LU1560902808,100,4,0.024491,2021/11/30
LU1560902808,100,5,0.013337,2021/11/30
LU1560902808,100,6,0.004277,2021/11/30
LU1560902808,100,9,0.010477,2021/11/30
LU1560902808,100,10,0.005999,2021/11/30
LU1560902808,100,11,0.001571,2021/11/30
LU1560902808,100,12,0.005389,2021/11/30
LU1560902808,100,13,0.033134,2021/11/30
LU1560902808,100,14,0.073179,2021/11/30
LU1560902808,100,15,0.875668,2021/11/30
LU1670770301,300,10,0.706035,2021/9/30
LU1670770301,300,30,0.257637,2021/9/30
LU1670770301,300,50,0.018634,2021/9/30
LU1670770301,100,1,0.001353,2021/9/30
LU1670770301,100,3,0.332943,2021/9/30
LU1670770301,100,5,0.000858,2021/9/30
LU1670770301,100,7,0.131269,2021/9/30
LU1670770301,100,8,0.125733,2021/9/30
LU1670770301,100,9,0.161158,2021/9/30
LU1670770301,100,12,0.002439,2021/9/30
LU1670770301,100,13,0.213915,2021/9/30
LU1670770301,100,14,0.865287,2021/9/30
LU1670770301,100,15,0.10438,2021/9/30
LU1670770640,300,10,0.024646,2021/9/30
LU1670770640,300,20,0.007808,2021/9/30
LU1670770640,300,30,0.897189,2021/9/30
LU1670770640,300,50,0.024117,2021/9/30
LU1670770640,100,1,0.476181,2021/9/30
LU1670770640,100,2,0.014709,2021/9/30
LU1670770640,100,3,0.085,2021/9/30
LU1670770640,100,4,0.093814,2021/9/30
LU1670770640,100,5,0.126713,2021/9/30
LU1670770640,100,6,0.013323,2021/9/30
LU1670770640,100,7,0.01667,2021/9/30
LU1670770640,100,8,0.014281,2021/9/30
LU1670770640,100,9,0.033621,2021/9/30
LU1670770640,100,11,0.001219,2021/9/30
LU1670770640,100,12,0.007346,2021/9/30
LU1670770640,100,13,0.058603,2021/9/30
LU1670770640,100,14,0.169852,2021/9/30
LU1670770640,100,15,0.771627,2021/9/30
LU1676121723,300,10,0.294891,2021/9/30
LU1676121723,300,20,0.046511,2021/9/30
LU1676121723,300,30,0.444804,2021/9/30
LU1676121723,300,40,0.233063,2021/9/30
LU1676121723,300,50,-0.038289,2021/9/30
LU1676121723,300,60,0.006446,2021/9/30
LU1676121723,100,1,0.503709,2021/9/30
LU1676121723,100,2,0.011556,2021/9/30
LU1676121723,100,3,0.139429,2021/9/30
LU1676121723,100,4,0.016104,2021/9/30
LU1676121723,100,5,0.084761,2021/9/30
LU1676121723,100,6,0.024761,2021/9/30
LU1676121723,100,7,0.04878,2021/9/30
LU1676121723,100,8,0.018879,2021/9/30
LU1676121723,100,9,0.054086,2021/9/30
LU1676121723,100,10,0.004554,2021/9/30
LU1676121723,100,11,0.008344,2021/9/30
LU1676121723,100,12,0.003289,2021/9/30
LU1676121723,100,13,0.110749,2021/9/30
LU1676121723,100,14,0.307352,2021/9/30
LU1676121723,100,15,0.721649,2021/9/30
LU1697875497,300,10,0.157932,2021/9/30
LU1697875497,300,30,0.776055,2021/9/30
LU1697875497,300,50,0.029054,2021/9/30
LU1697875497,100,1,0.006373,2021/9/30
LU1697875497,100,5,-0.000054,2021/9/30
LU1697875497,100,9,0.038892,2021/9/30
LU1697875497,100,12,0.161714,2021/9/30
LU1697875497,100,13,0.728264,2021/9/30
LU1697875497,100,14,0.745005,2021/9/30
LU1697875497,100,15,0.190184,2021/9/30
LU1706112338,300,10,0.157932,2021/9/30
LU1706112338,300,30,0.776055,2021/9/30
LU1706112338,300,50,0.029054,2021/9/30
LU1706112338,100,1,0.006373,2021/9/30
LU1706112338,100,5,-0.000054,2021/9/30
LU1706112338,100,9,0.038892,2021/9/30
LU1706112338,100,12,0.161714,2021/9/30
LU1706112338,100,13,0.728264,2021/9/30
LU1706112338,100,14,0.745005,2021/9/30
LU1706112338,100,15,0.190184,2021/9/30
LU1775963454,300,1,0.987881,2021/11/30
LU1775963454,300,7,0.003787,2021/11/30
LU1775963454,300,8,0.008332,2021/11/30
LU1775963454,100,5,0.012272,2021/11/30
LU1775963454,100,10,0.362332,2021/11/30
LU1775963454,100,11,0.068142,2021/11/30
LU1775963454,100,12,0.238506,2021/11/30
LU1775963454,100,13,0.306629,2021/11/30
LU1775963454,100,14,0.306629,2021/11/30
LU1775963454,100,15,0.681252,2021/11/30
LU1775963454,200,101,0.064741,2021/11/30
LU1775963454,200,102,0.164305,2021/11/30
LU1775963454,200,103,0.186367,2021/11/30
LU1775963454,200,104,0.061275,2021/11/30
LU1775963454,200,205,0.040187,2021/11/30
LU1775963454,200,206,0.015269,2021/11/30
LU1775963454,200,308,0.134554,2021/11/30
LU1775963454,200,309,0.020066,2021/11/30
LU1775963454,200,310,0.098345,2021/11/30
LU1775963454,200,311,0.202773,2021/11/30
LU1819532174,100,11,0.0214,2021/11/30
LU1819532174,100,12,0.020676,2021/11/30
LU1819532174,100,13,0.100117,2021/11/30
LU1819532174,100,14,0.134673,2021/11/30
LU1819532174,100,15,0.64614,2021/11/30
LU1819532174,300,10,0.080684,2021/11/30
LU1819532174,300,30,0.594607,2021/11/30
LU1819532174,300,40,0.168382,2021/11/30
LU1819532174,300,50,0.14007,2021/11/30
LU1819532174,300,60,0.014161,2021/11/30
LU1819532174,100,1,0.196586,2021/11/30
LU1819532174,100,2,-0.005793,2021/11/30
LU1819532174,100,3,0.031491,2021/11/30
LU1819532174,100,4,0.075011,2021/11/30
LU1819532174,100,5,0.218938,2021/11/30
LU1819532174,100,6,0.034332,2021/11/30
LU1819532174,100,7,0.009163,2021/11/30
LU1819532174,100,8,0.010666,2021/11/30
LU1819532174,100,9,0.017764,2021/11/30
LU1819532174,100,10,0.050463,2021/11/30
LU1858968206,300,10,0.010599,2021/11/30
LU1858968206,300,30,0.807033,2021/11/30
LU1858968206,300,40,0.078961,2021/11/30
LU1858968206,300,50,0.115565,2021/11/30
LU1858968206,300,60,0.000156,2021/11/30
LU1858968206,100,1,0.367928,2021/11/30
LU1858968206,100,3,0.036245,2021/11/30
LU1858968206,100,4,0.085969,2021/11/30
LU1858968206,100,5,0.236319,2021/11/30
LU1858968206,100,6,0.024749,2021/11/30
LU1858968206,100,7,0.040324,2021/11/30
LU1858968206,100,8,0.011731,2021/11/30
LU1858968206,100,9,0.001966,2021/11/30
LU1858968206,100,10,0.00979,2021/11/30
LU1858968206,100,12,0.004936,2021/11/30
LU1858968206,100,13,0.003822,2021/11/30
LU1858968206,100,14,0.092121,2021/11/30
LU1858968206,100,15,0.731656,2021/11/30
LU1861215975,300,1,0.947235,2021/11/30
LU1861215975,300,3,0.000113,2021/11/30
LU1861215975,300,5,0.000651,2021/11/30
LU1861215975,300,7,0.022164,2021/11/30
LU1861215975,300,8,0.029838,2021/11/30
LU1861215975,100,1,0.580352,2021/11/30
LU1861215975,100,2,0.010774,2021/11/30
LU1861215975,100,3,0.02315,2021/11/30
LU1861215975,100,4,0.026506,2021/11/30
LU1861215975,100,5,0.078636,2021/11/30
LU1861215975,100,6,0.021378,2021/11/30
LU1861215975,100,9,0.007568,2021/11/30
LU1861215975,100,10,0.056357,2021/11/30
LU1861215975,100,11,0.029913,2021/11/30
LU1861215975,100,12,0.093235,2021/11/30
LU1861215975,100,13,0.019367,2021/11/30
LU1861215975,100,14,0.042517,2021/11/30
LU1861215975,100,15,0.904718,2021/11/30
LU1861215975,200,102,0.068488,2021/11/30
LU1861215975,200,103,0.001787,2021/11/30
LU1861215975,200,104,0.008113,2021/11/30
LU1861215975,200,205,0.003608,2021/11/30
LU1861215975,200,206,0.019846,2021/11/30
LU1861215975,200,308,0.068224,2021/11/30
LU1861215975,200,310,0.020809,2021/11/30
LU1861215975,200,311,0.756361,2021/11/30
LU1887442140,300,1,0.995276,2021/11/30
LU1887442140,300,7,-0.001774,2021/11/30
LU1887442140,300,8,0.006498,2021/11/30
LU1887442140,100,1,0.687447,2021/11/30
LU1887442140,100,2,0.005079,2021/11/30
LU1887442140,100,3,0.021832,2021/11/30
LU1887442140,100,4,0.033151,2021/11/30
LU1887442140,100,5,0.042953,2021/11/30
LU1887442140,100,6,0.007577,2021/11/30
LU1887442140,100,7,0.021523,2021/11/30
LU1887442140,100,10,0.075878,2021/11/30
LU1887442140,100,11,0.004236,2021/11/30
LU1887442140,100,12,0.029681,2021/11/30
LU1887442140,100,13,0.065917,2021/11/30
LU1887442140,100,14,0.109273,2021/11/30
LU1887442140,100,15,0.886001,2021/11/30
LU1887442140,200,101,0.005378,2021/11/30
LU1887442140,200,102,0.589838,2021/11/30
LU1887442140,200,104,0.035796,2021/11/30
LU1887442140,200,205,0.037529,2021/11/30
LU1887442140,200,308,0.230062,2021/11/30
LU1887442140,200,310,0.010089,2021/11/30
LU1887442140,200,311,0.086581,2021/11/30
LU1894109211,300,1,0.983268,2021/11/30
LU1894109211,300,7,0.016732,2021/11/30
LU1894109211,100,1,0.935819,2021/11/30
LU1894109211,100,2,0.009307,2021/11/30
LU1894109211,100,3,0.010592,2021/11/30
LU1894109211,100,5,0.014913,2021/11/30
LU1894109211,100,9,0.007038,2021/11/30
LU1894109211,100,12,0.005599,2021/11/30
LU1894109211,100,14,0.010592,2021/11/30
LU1894109211,100,15,0.972676,2021/11/30
LU1894109211,200,102,0.105839,2021/11/30
LU1894109211,200,103,0.014008,2021/11/30
LU1894109211,200,206,0.022136,2021/11/30
LU1894109211,200,308,0.161174,2021/11/30
LU1894109211,200,311,0.680111,2021/11/30
LU2068974737,300,10,0.050711,2021/9/30
LU2068974737,300,30,0.914874,2021/9/30
LU2068974737,300,50,0.034415,2021/9/30
LU2068974737,100,10,0.011938,2021/9/30
LU2068974737,100,12,0.459138,2021/9/30
LU2068974737,100,13,0.445397,2021/9/30
LU2068974737,100,14,0.445397,2021/9/30
LU2068974737,100,15,0.471077,2021/9/30
LU2088747725,300,1,0.412896,2021/11/30
LU2088747725,300,3,0.518583,2021/11/30
LU2088747725,300,5,-0.000001,2021/11/30
LU2088747725,300,7,0.018091,2021/11/30
LU2088747725,300,8,0.05043,2021/11/30
LU2088747725,100,1,-0.000004,2021/11/30
LU2088747725,100,3,-0.000072,2021/11/30
LU2088747725,100,5,-0.000004,2021/11/30
LU2088747725,100,7,-0.000053,2021/11/30
LU2088747725,100,8,-0.000034,2021/11/30
LU2088747725,100,9,-0.00006,2021/11/30
LU2088747725,100,10,0.025856,2021/11/30
LU2088747725,100,11,0.060574,2021/11/30
LU2088747725,100,12,0.220931,2021/11/30
LU2088747725,100,13,0.106552,2021/11/30
LU2088747725,100,14,0.106358,2021/11/30
LU2088747725,100,15,0.307328,2021/11/30
LU2088747725,200,104,0.379877,2021/11/30
LU2088747725,200,207,0.011063,2021/11/30
LU2088747725,200,308,0.016796,2021/11/30
LU2088747725,200,311,0.007428,2021/11/30
LU2088747998,300,1,0.412896,2021/11/30
LU2088747998,300,3,0.518583,2021/11/30
LU2088747998,300,5,-0.000001,2021/11/30
LU2088747998,300,7,0.018091,2021/11/30
LU2088747998,300,8,0.05043,2021/11/30
LU2088747998,100,1,-0.000004,2021/11/30
LU2088747998,100,3,-0.000072,2021/11/30
LU2088747998,100,5,-0.000004,2021/11/30
LU2088747998,100,7,-0.000053,2021/11/30
LU2088747998,100,8,-0.000034,2021/11/30
LU2088747998,100,9,-0.00006,2021/11/30
LU2088747998,100,10,0.025856,2021/11/30
LU2088747998,100,11,0.060574,2021/11/30
LU2088747998,100,12,0.220931,2021/11/30
LU2088747998,100,13,0.106552,2021/11/30
LU2088747998,100,14,0.106358,2021/11/30
LU2088747998,100,15,0.307328,2021/11/30
LU2088747998,200,104,0.379877,2021/11/30
LU2088747998,200,207,0.011063,2021/11/30
LU2088747998,200,308,0.016796,2021/11/30
LU2088747998,200,311,0.007428,2021/11/30
LU2088748020,300,1,0.412896,2021/11/30
LU2088748020,300,3,0.518583,2021/11/30
LU2088748020,300,5,-0.000001,2021/11/30
LU2088748020,300,7,0.018091,2021/11/30
LU2088748020,300,8,0.05043,2021/11/30
LU2088748020,100,1,-0.000004,2021/11/30
LU2088748020,100,3,-0.000072,2021/11/30
LU2088748020,100,5,-0.000004,2021/11/30
LU2088748020,100,7,-0.000053,2021/11/30
LU2088748020,100,8,-0.000034,2021/11/30
LU2088748020,100,9,-0.00006,2021/11/30
LU2088748020,100,10,0.025856,2021/11/30
LU2088748020,100,11,0.060574,2021/11/30
LU2088748020,100,12,0.220931,2021/11/30
LU2088748020,100,13,0.106552,2021/11/30
LU2088748020,100,14,0.106358,2021/11/30
LU2088748020,100,15,0.307328,2021/11/30
LU2088748020,200,104,0.379877,2021/11/30
LU2088748020,200,207,0.011063,2021/11/30
LU2088748020,200,308,0.016796,2021/11/30
LU2088748020,200,311,0.007428,2021/11/30
LU2088748293,300,1,0.412896,2021/11/30
LU2088748293,300,3,0.518583,2021/11/30
LU2088748293,300,5,-0.000001,2021/11/30
LU2088748293,300,7,0.018091,2021/11/30
LU2088748293,300,8,0.05043,2021/11/30
LU2088748293,100,1,-0.000004,2021/11/30
LU2088748293,100,3,-0.000072,2021/11/30
LU2088748293,100,5,-0.000004,2021/11/30
LU2088748293,100,7,-0.000053,2021/11/30
LU2088748293,100,8,-0.000034,2021/11/30
LU2088748293,100,9,-0.00006,2021/11/30
LU2088748293,100,10,0.025856,2021/11/30
LU2088748293,100,11,0.060574,2021/11/30
LU2088748293,100,12,0.220931,2021/11/30
LU2088748293,100,13,0.106552,2021/11/30
LU2088748293,100,14,0.106358,2021/11/30
LU2088748293,100,15,0.307328,2021/11/30
LU2088748293,200,104,0.379877,2021/11/30
LU2088748293,200,207,0.011063,2021/11/30
LU2088748293,200,308,0.016796,2021/11/30
LU2088748293,200,311,0.007428,2021/11/30
LU2187417386,300,1,0.951335,2021/9/30
LU2187417386,300,7,0.048665,2021/9/30
LU2187417386,100,12,0.067069,2021/9/30
LU2187417386,100,13,0.884266,2021/9/30
LU2187417386,100,14,0.884266,2021/9/30
LU2187417386,100,15,0.067069,2021/9/30
LU2187417386,200,101,0.023396,2021/9/30
LU2187417386,200,102,0.176933,2021/9/30
LU2187417386,200,104,0.131246,2021/9/30
LU2187417386,200,205,0.04823,2021/9/30
LU2187417386,200,206,0.136919,2021/9/30
LU2187417386,200,308,0.0299,2021/9/30
LU2187417386,200,310,0.261352,2021/9/30
LU2187417386,200,311,0.039213,2021/9/30
LU2347918265,300,10,0.050711,2021/9/30
LU2347918265,300,30,0.914874,2021/9/30
LU2347918265,300,50,0.034415,2021/9/30
LU2347918265,100,10,0.011938,2021/9/30
LU2347918265,100,12,0.459138,2021/9/30
LU2347918265,100,13,0.445397,2021/9/30
LU2347918265,100,14,0.445397,2021/9/30
LU2347918265,100,15,0.471077,2021/9/30
LU2373661078,300,10,0.050711,2021/9/30
LU2373661078,300,30,0.914874,2021/9/30
LU2373661078,300,50,0.034415,2021/9/30
LU2373661078,100,10,0.011938,2021/9/30
LU2373661078,100,12,0.459138,2021/9/30
LU2373661078,100,13,0.445397,2021/9/30
LU2373661078,100,14,0.445397,2021/9/30
LU2373661078,100,15,0.471077,2021/9/30
LU2373661581,300,10,0.050711,2021/9/30
LU2373661581,300,30,0.914874,2021/9/30
LU2373661581,300,50,0.034415,2021/9/30
LU2373661581,100,10,0.011938,2021/9/30
LU2373661581,100,12,0.459138,2021/9/30
LU2373661581,100,13,0.445397,2021/9/30
LU2373661581,100,14,0.445397,2021/9/30
LU2373661581,100,15,0.471077,2021/9/30
