fundISINCode,nav,currency,fqNav,fundAssetsSize,returnRatio1D,returnRatio1W,returnRatio1M,returnRatio3M,returnRatio6M,returnRatio1Y,returnRatioYTD,ReturnRatio3Y,returnRatioTotal,sevenRR,unitYield,reportDate
"HK0000012440","15.450000","USD","36.646030","","-0.013410","-0.013895","-0.011380","-0.022232","-0.052190","-0.052468","-0.013895","0.268368","2.664603","","","2022-01-06"
"HK0000012440","15.660000","USD","37.144130","380523117.77","-0.004450","0.001419","-0.003661","-0.013270","-0.039885","-0.042411","-0.000492","0.285608","2.714413","","","2022-01-05"
"HK0000038148","21.990000","USD","21.990000","","-0.002721","-0.009459","-0.017426","-0.027421","-0.122506","-0.121805","-0.009459","0.568474","1.199000","","","2022-01-06"
"HK0000038148","22.420000","USD","22.200000","875303376.25432","0.000000","0.000451","-0.016829","-0.044339","-0.133828","-0.090537","-0.090537","0.560084","1.220000","","","2021-12-31"
"HK0000055555","149.320000","USD","203.629420","","-0.005660","-0.011715","0.009123","-0.015624","0.021341","0.031358","-0.011715","0.138196","19.362942","","","2022-01-06"
"HK0000055555","151.090000","USD","206.043190","1328574631.22386","0.002388","0.007670","0.011447","0.012464","0.038205","0.051573","0.051573","0.170786","19.604319","","","2021-12-30"
"HK0000055597","9.790000","USD","20.212890","","-0.006091","-0.010708","-0.005707","-0.026452","-0.044080","-0.055177","-0.010708","0.090675","1.021289","","","2022-01-06"
"HK0000055597","9.890000","USD","20.431680","2300673826.78814","0.000000","0.001007","0.002016","-0.025477","-0.035569","-0.043194","-0.043194","0.104603","1.043168","","","2021-12-31"
"HK0000055621","75.550000","USD","75.550000","","-0.016532","-0.038926","-0.035491","-0.014737","-0.092165","-0.137852","-0.038926","1.341909","-0.043308","","","2022-01-06"
"HK0000055621","79.140000","USD","78.610000","1474082615.1","0.000000","0.000254","-0.004307","0.025170","-0.095813","-0.054600","-0.054600","1.414312","-0.004559","","","2021-12-31"
"HK0000055746","560.210000","USD","614.776050","","-0.019223","-0.018501","-0.012132","-0.010230","-0.061232","-0.034836","-0.018501","0.673118","254.199689","","","2022-01-06"
"HK0000055746","570.770000","USD","626.364620","922676601.96858","-0.000403","-0.001295","0.008677","-0.028228","-0.054375","-0.007391","-0.007391","0.691972","259.010220","","","2021-12-30"
"HK0000055761","110.270000","USD","110.270000","","-0.020258","-0.045281","-0.035596","-0.018251","-0.158373","-0.183488","-0.045281","1.102784","10.027000","","","2022-01-06"
"HK0000055761","115.500000","USD","115.500000","1433874981.87145","0.005134","0.002865","-0.028269","-0.017523","-0.150735","-0.116364","-0.122407","1.203778","10.550000","","","2021-12-30"
"HK0000084514","11.890000","USD","19.023620","","-0.003353","-0.004271","0.015220","0.021986","0.015142","0.080692","-0.004271","0.297587","0.902362","","","2022-01-06"
"HK0000084514","11.940000","USD","19.105220","6091171088.27351","0.000000","0.006723","0.031869","0.026369","0.021206","0.091050","0.091050","0.311941","0.910522","","","2021-12-31"
"HK0000084522","11.890000","HKD","19.043870","","-0.002517","-0.004268","0.015223","0.023723","0.019406","0.087327","-0.004268","0.292572","0.904387","","","2022-01-06"
"HK0000084522","11.930000","HKD","19.125490","6091171088.27351","0.000000","0.006722","0.031869","0.028110","0.025500","0.097781","0.097781","0.306831","0.912549","","","2021-12-31"
"HK0000095296","17.780000","USD","17.780000","","-0.002804","-0.003922","0.015420","0.021839","0.014840","0.080851","-0.003922","0.297810","0.778000","","","2022-01-06"
"HK0000095296","17.850000","USD","17.850000","6091171088.27351","0.000000","0.006768","0.031792","0.025862","0.021167","0.091076","0.091076","0.311536","0.785000","","","2021-12-31"
"HK0000099173","9.530000","CNH","12.636060","","-0.002094","-0.010385","-0.011411","-0.032453","-0.028533","-0.017628","-0.010385","-0.011857","0.263606","","","2022-01-06"
"HK0000099173","9.550000","CNH","12.662580","","-0.004171","-0.008308","-0.007277","-0.030422","-0.026494","-0.015567","-0.008308","-0.009783","0.266258","","","2022-01-05"
"HK0000102936","8.560000","HKD","13.145640","","-0.004651","-0.010570","-0.004845","-0.025385","-0.039941","-0.049131","-0.010570","0.086128","0.314564","","","2022-01-06"
"HK0000102936","8.640000","HKD","13.286080","2300673826.78814","0.000000","0.001152","0.003464","-0.022661","-0.030744","-0.037957","-0.037957","0.100140","0.328608","","","2021-12-31"
"HK0000105533","13.090000","USD","13.090000","","-0.005319","-0.010582","-0.005319","-0.026042","-0.043129","-0.054191","-0.010582","0.091743","0.309000","","","2022-01-06"
"HK0000105533","13.220000","USD","13.230000","2300673826.78814","0.000000","0.000756","0.003033","-0.025055","-0.034307","-0.041999","-0.041999","0.105263","0.323000","","","2021-12-31"
"HK0000123940","12.570000","HKD","12.570000","","-0.004751","-0.011792","0.008828","-0.014118","0.025285","0.037129","-0.011792","0.133454","0.257000","","","2022-01-06"
"HK0000123940","12.720000","HKD","12.720000","1328574631.22386","0.003155","0.007924","0.011933","0.014354","0.042623","0.058236","0.058236","0.165903","0.272000","","","2021-12-30"
"HK0000130705","21.348000","HKD","21.348000","","-0.016765","-0.031793","-0.027116","-0.023422","-0.093041","-0.175498","-0.031793","0.942493","1.134800","","","2022-01-06"
"HK0000151891","10.580000","USD","15.679990","","-0.012138","0.002361","0.027590","0.052957","-0.000503","0.069438","0.002361","0.336886","0.025603","","","2022-01-06"
"HK0000151891","10.580000","USD","15.643060","1317679622.32704","0.000000","0.005698","0.045410","0.032173","-0.008366","0.090274","0.090274","0.321986","0.023188","","","2021-12-31"
"HK0000161320","9.650000","HKD","11.117160","","-0.001655","-0.003819","-0.005769","-0.021695","-0.031905","-0.036822","-0.003819","0.050277","0.111716","","","2022-01-06"
"HK0000181096","16.410000","CNY","24.156020","","-0.006659","-0.022633","-0.030206","-0.004182","-0.015649","-0.015529","-0.022633","0.653558","1.415602","","","2022-01-06"
"HK0000181112","15.220000","HKD","23.286750","","-0.007823","-0.023733","-0.031264","0.011095","0.001550","-0.001330","-0.023733","0.773724","1.331006","","","2022-01-06"
"HK0000181138","15.120000","USD","23.166100","","-0.008525","-0.023886","-0.031460","0.009814","-0.002314","-0.007642","-0.023886","0.782278","1.316610","","","2022-01-06"
"HK0000216926","11.000000","USD","14.007910","","-0.006682","-0.018649","-0.020909","-0.090430","-0.170244","-0.200513","-0.018649","0.144034","0.400791","","","2022-01-06"
"HK0000216926","11.074000","USD","14.102140","6198807606.57","-0.013628","-0.010114","-0.022204","-0.084311","-0.170100","-0.199217","-0.012048","0.151730","0.410214","","","2022-01-05"
"HK0000216942","11.064000","HKD","14.089250","","-0.005929","-0.018697","-0.020858","-0.088649","-0.166667","-0.195667","-0.018697","0.139402","0.408925","","","2022-01-06"
"HK0000216942","11.130000","HKD","14.173290","6198807606.57","-0.013561","-0.010311","-0.021994","-0.083213","-0.167266","-0.194917","-0.012844","0.146198","0.417329","","","2022-01-05"
"HK0000252152","159.260000","HKD","159.260000","","0.000000","-0.018610","-0.037471","-0.068655","-0.185079","-0.253317","-0.018610","0.511579","0.474766","","","2022-01-06"
"HK0000252160","187.190000","HKD","218.143380","","-0.000053","-0.018663","-0.042898","-0.083480","-0.197857","-0.265115","-0.018663","0.487974","1.182962","","","2022-01-06"
"HK0000264884","25.590000","USD","25.590000","","-0.005828","-0.024027","-0.038331","-0.046217","-0.157947","-0.137513","-0.024027","0.639334","1.559000","","","2022-01-06"
"HK0000264884","25.740000","USD","25.740000","1481656835.78","-0.023891","-0.006561","-0.047372","-0.046313","-0.151895","-0.126273","-0.018307","0.648943","1.574000","","","2022-01-05"
"HK0000283223","16.620000","HKD","17.140170","","0.001204","-0.055145","-0.084347","-0.117817","-0.255780","-0.263738","-0.055145","0.529007","0.714017","","","2022-01-06"
"HK0000283249","16.530000","USD","17.049090","","0.000606","-0.054888","-0.084260","-0.119296","-0.259091","-0.267965","-0.054888","0.534572","0.704909","","","2022-01-06"
"HK0000284007","10.811000","USD","10.811000","","-0.003043","-0.008420","-0.013010","-0.051708","-0.062806","-0.074908","-0.008420","0.001549","-0.013010","","","2022-01-06"
"HK0000284015","11.042100","USD","11.042100","","-0.003043","-0.008379","-0.012785","-0.051089","-0.061644","-0.072622","-0.008379","0.013967","0.104210","","","2022-01-06"
"HK0000294535","10.029000","HKD","10.029000","","0.000499","-0.006046","-0.002189","-0.001195","0.006221","-0.000897","-0.006046","0.002900","0.002900","","","2022-01-06"
"HK0000301942","14.427900","USD","15.244710","","-0.002123","-0.003343","0.007114","-0.014338","-0.034756","0.008733","-0.003343","0.479537","0.524471","","","2022-01-06"
"HK0000306685","13.503000","HKD","15.343340","","-0.000666","-0.033346","-0.052562","-0.060858","-0.208177","-0.175971","-0.033346","0.774151","0.534334","","","2022-01-06"
"HK0000306701","13.537000","USD","15.380200","","-0.001476","-0.033543","-0.052438","-0.062532","-0.211640","-0.181060","-0.033543","0.781526","0.539097","","","2022-01-06"
"HK0000312378","148.390000","USD","148.390000","","-0.008685","-0.063431","-0.109197","-0.140914","-0.311575","-0.413525","-0.063431","0.422723","0.483900","","","2022-01-06"
"HK0000312386","144.250000","USD","144.250000","","-0.008727","-0.063494","-0.109238","-0.140960","-0.311587","-0.413546","-0.063494","0.422724","0.430342","","","2022-01-06"
"HK0000316452","2.153000","USD","2.153000","","-0.017344","-0.031924","-0.027113","-0.024909","-0.096896","-0.180434","-0.031924","0.950181","1.153000","","","2022-01-06"
"HK0000320223","17.684000","HKD","17.684000","","-0.000622","-0.033344","-0.052558","-0.060860","-0.208167","-0.176032","-0.033344","0.774255","0.768400","","","2022-01-06"
"HK0000320264","17.664000","USD","17.664000","","-0.001526","-0.033539","-0.052411","-0.062520","-0.211640","-0.181047","-0.033539","0.781903","0.766400","","","2022-01-06"
"HK0000323219","0.887000","USD","1.091990","","0.000000","0.000000","-0.007832","-0.049303","-0.090205","-0.094776","0.000000","0.087163","0.091990","","","2022-01-06"
"HK0000349503","14.484000","USD","14.484000","","-0.005493","-0.010994","-0.008285","-0.016767","-0.046854","-0.055371","-0.010994","0.115355","0.445076","","","2022-01-06"
"HK0000349503","14.564000","USD","14.564000","2106206867.21","0.002271","-0.001577","-0.002329","-0.019655","-0.041211","-0.049905","-0.005531","0.121515","0.453058","","","2022-01-05"
"HK0000349511","9.626000","HKD","14.463960","","-0.004859","-0.011253","-0.008820","-0.014851","-0.043186","-0.049690","-0.011253","0.110124","0.446396","","","2022-01-06"
"HK0000349511","9.673000","HKD","14.534580","2106206867.21","0.002487","-0.001932","-0.002240","-0.018281","-0.037859","-0.044959","-0.006426","0.115544","0.453458","","","2022-01-05"
"HK0000349529","8.670000","USD","27.978530","","-0.005506","-0.010996","-0.008292","-0.016748","-0.046856","-0.055415","-0.010996","0.115327","1.979609","","","2022-01-06"
"HK0000349529","8.718000","USD","28.133420","2106206867.21","0.002299","-0.001664","-0.002347","-0.019654","-0.041166","-0.049887","-0.005521","0.121502","1.996104","","","2022-01-05"
"HK0000349545","15.211000","HKD","15.211000","","-0.008862","-0.013618","-0.004581","-0.062669","-0.132683","-0.147413","-0.013618","0.055953","0.521100","","","2022-01-06"
"HK0000349545","15.347000","HKD","15.347000","2882241813.17","0.000522","-0.004282","0.007351","-0.063865","-0.129643","-0.141234","-0.004799","0.065394","0.534700","","","2022-01-05"
"HK0000349552","15.172000","USD","15.172000","","-0.009596","-0.013332","-0.004135","-0.064092","-0.135892","-0.151976","-0.013332","0.060905","0.517200","","","2022-01-06"
"HK0000349552","15.319000","USD","15.319000","2882241813.17","0.001111","-0.003513","0.007630","-0.065002","-0.132363","-0.145384","-0.003772","0.071184","0.531900","","","2022-01-05"
"HK0000349560","8.042000","HKD","15.248530","","-0.008874","-0.013573","-0.004003","-0.062323","-0.131929","-0.146623","-0.013573","0.056214","0.524853","","","2022-01-06"
"HK0000349560","8.114000","HKD","15.385050","2882241813.17","0.000987","-0.003287","0.007761","-0.063621","-0.129106","-0.140932","-0.004741","0.065670","0.538505","","","2022-01-05"
"HK0000349578","8.010000","USD","15.186950","","-0.009644","-0.013414","-0.004170","-0.064109","-0.135889","-0.152006","-0.013414","0.060617","0.518695","","","2022-01-06"
"HK0000349578","8.088000","USD","15.334840","2882241813.17","0.001114","-0.003441","0.007639","-0.065013","-0.132314","-0.145347","-0.003806","0.070945","0.533484","","","2022-01-05"
"HK0000352945","15.211000","HKD","15.211000","","-0.002492","-0.009378","-0.090523","-0.118254","-0.223612","-0.107912","-0.009378","0.346821","0.521100","","","2022-01-06"
"HK0000352960","14.841000","USD","14.841000","","-0.003291","-0.009345","-0.090848","-0.121626","-0.232309","-0.122665","-0.009345","0.335703","0.484100","","","2022-01-06"
"HK0000360880","10.980000","USD","12.489330","","-0.005435","-0.024056","-0.038558","-0.046190","-0.159201","-0.142652","-0.024056","0.629025","0.248933","","","2022-01-06"
"HK0000360880","11.040000","USD","12.557580","1481656835.78","-0.023873","-0.006380","-0.047459","-0.046745","-0.153323","-0.131981","-0.018723","0.637927","0.255758","","","2022-01-05"
"HK0000360898","10.940000","HKD","12.446900","","-0.004549","-0.023288","-0.038711","-0.044738","-0.155261","-0.135894","-0.023288","0.627831","0.244690","","","2022-01-06"
"HK0000360898","10.990000","HKD","12.503780","1481656835.78","-0.024845","-0.007324","-0.047684","-0.045349","-0.150101","-0.125846","-0.018825","0.635270","0.250378","","","2022-01-05"
"HK0000365384","106.262000","USD","106.262000","","0.000009","0.000075","0.000264","0.000678","0.001310","0.002888","0.000047","0.040367","0.062620","0.003926","0.094108","2022-01-06"
"HK0000369188","10.832000","HKD","10.832000","","0.000554","0.000924","0.004731","0.005850","0.013189","0.006037","0.000924","0.073432","0.083200","","","2022-01-06"
"HK0000369196","10.838000","USD","10.838000","","-0.000461","0.000646","0.004821","0.003983","0.008749","-0.000092","0.000646","0.077979","0.083800","","","2022-01-06"
"HK0000369725","13.890000","HKD","13.890000","","-0.002155","-0.009979","-0.017680","-0.025947","-0.119214","-0.116974","-0.009979","0.562430","0.389000","","","2022-01-06"
"HK0000369725","14.160000","HKD","14.030000","875303376.25432","0.000000","0.000713","-0.016129","-0.042321","-0.129653","-0.084801","-0.084801","0.553710","0.403000","","","2021-12-31"
"HK0000383858","75.390000","HKD","75.390000","","-0.007896","-0.063362","-0.109076","-0.139384","-0.308666","-0.410048","-0.063362","-0.260592","-0.260592","","","2022-01-06"
"HK0000384526","115.333000","HKD","115.333000","","-0.008647","-0.018476","-0.005913","-0.058798","-0.091823","-0.082562","-0.018476","0.153330","0.153330","","","2022-01-06"
"HK0000384534","79.830000","HKD","79.830000","","-0.008717","-0.018492","-0.013446","-0.079610","-0.131716","-0.161608","-0.018492","-0.201700","-0.201700","","","2022-01-06"
"HK0000414901","10.480000","USD","10.480000","","-0.001905","-0.008515","-0.009452","-0.039413","-0.045537","-0.060932","-0.008515","0.008662","0.008662","","","2022-01-06"
"HK0000414935","12.040000","USD","12.040000","","-0.002486","-0.008237","-0.009053","-0.037570","-0.040637","-0.051221","-0.008237","0.192079","0.204000","","","2022-01-06"
"HK0000416062","16.300000","HKD","16.300000","","-0.019254","-0.045108","-0.035503","-0.016295","-0.154564","-0.178427","-0.045108","1.092426","0.630000","","","2022-01-06"
"HK0000416062","17.070000","HKD","17.070000","1433874981.87145","0.005893","0.002938","-0.027904","-0.015571","-0.146927","-0.110938","-0.117373","1.191271","0.707000","","","2021-12-30"
"HK0000439601","10.759100","USD","10.759100","","-0.001781","-0.002078","0.000260","-0.008067","-0.013180","-0.004386","-0.002078","0.075910","0.075910","","","2022-01-06"
"HK0000439627","10.729700","HKD","10.729700","","-0.000885","-0.001870","0.000196","-0.006334","-0.008849","0.001746","-0.001870","0.072970","0.072970","","","2022-01-06"
"HK0000464252","1035.050000","HKD","1035.050000","","0.000004","0.000053","0.000223","0.000395","0.000679","0.001719","0.000027","0.033623","0.035050","0.002771","0.038646","2022-01-06"
"HK0000467222","10.340000","USD","10.340000","","-0.000870","-0.000290","0.003299","-0.000773","0.002521","0.012039","-0.000290","0.033897","0.033897","","","2022-01-06"
"HK0000467263","104.224000","HKD","104.224000","","0.000048","-0.000106","0.003524","0.001124","0.006713","0.019605","-0.000106","0.042084","0.042084","","","2022-01-06"
"HK0000478872","10.084700","HKD","10.084700","","0.000010","0.000069","0.000238","0.000496","0.000933","0.002107","0.000069","0.008399","0.008399","0.003620","0.099161","2022-01-06"
"HK0000489945","10.038200","HKD","10.038200","","-0.000010","0.000130","0.000100","-0.000249","0.000618","0.000040","0.000000","0.003820","0.003820","0.006754","-0.099618","2022-01-06"
"HK0000500386","14.190000","USD","14.190000","","-0.001407","-0.018672","-0.037966","-0.070727","-0.188679","-0.257845","-0.018672","0.403561","0.403561","","","2022-01-06"
"HK0000554565","101.090000","HKD","109.485440","","-0.012889","-0.014121","-0.011141","-0.020665","-0.048150","-0.047001","-0.014121","0.094854","0.094854","","","2022-01-06"
"HK0000554565","102.410000","HKD","110.915070","380523117.77","-0.004568","0.000795","-0.003282","-0.012047","-0.036433","-0.037956","-0.001248","0.109151","0.109151","","","2022-01-05"
"HK0000616265","11.342000","USD","11.342000","","-0.001321","-0.001848","-0.000529","-0.003339","-0.001760","0.006299","-0.001848","0.134200","0.134200","","","2022-01-06"
"HK0000672128","101.710000","HKD","101.710000","","-0.000393","-0.000098","0.003057","-0.000098","0.009629","0.017100","-0.000098","0.017100","0.017100","","","2022-01-06"
"HK0000672136","101.620000","HKD","101.620000","","-0.000197","0.000000","0.003159","-0.000295","0.008735","0.016200","0.000000","0.016200","0.016200","","","2022-01-06"
"HK0000773033","10.017390","HKD","10.017390","","0.000018","0.000127","0.000536","0.001639","0.001739","0.001739","0.000101","0.001739","0.001739","0.006611","0.179691","2022-01-06"
"IE0000829568","26.220000","USD","181.181010","64739465.56","-0.004934","-0.011685","-0.026365","-0.028889","-0.051031","-0.109152","-0.012057","0.068629","16.176812","","","2022-01-06"
"IE0000829568","26.350000","USD","182.079310","65096205.11","0.000380","-0.010886","-0.018987","-0.030180","-0.047016","-0.105947","-0.007159","0.073928","16.261975","","","2022-01-05"
"IE0000830129","142.920000","USD","160.850690","226751497.33","-0.012642","-0.026165","-0.032363","-0.034911","-0.117996","-0.074352","-0.035758","0.765419","14.319113","","","2022-01-06"
"IE0000830129","144.750000","USD","162.910280","229923560.5","-0.022224","-0.017045","-0.033905","-0.043987","-0.106261","-0.062318","-0.023411","0.788024","14.515265","","","2022-01-05"
"IE0008368742","231.057400","USD","231.057400","","-0.005830","-0.017865","-0.008881","0.016162","-0.106350","-0.121384","-0.029200","0.609035","22.105740","","","2022-01-06"
"IE0008368742","232.412300","USD","232.412300","3805830206.42","-0.012440","-0.011247","-0.022370","0.010683","-0.104781","-0.108906","-0.023507","0.618470","22.241230","","","2022-01-05"
"IE0008369823","84.860400","USD","84.860400","","-0.001606","-0.002590","-0.005299","-0.014426","-0.133004","-0.086984","-0.010008","0.271888","7.486040","","","2022-01-06"
"IE0008369823","84.996900","USD","84.996900","165622423.18","-0.011033","-0.007550","-0.023595","-0.024194","-0.136027","-0.081190","-0.008416","0.273934","7.499690","","","2022-01-05"
"IE00B0MD9M11","14.390000","USD","19.183110","","-0.002081","-0.006216","-0.008976","-0.010338","-0.014707","-0.027736","-0.006216","0.110227","0.918311","","","2022-01-06"
"IE00B0MD9M11","14.480000","USD","19.303090","14037251647.41","0.000000","-0.000027","-0.000716","-0.004148","-0.005830","-0.022967","-0.022967","0.120536","0.930309","","","2021-12-31"
"IE00B0MD9S72","11.090000","USD","22.240220","","-0.007162","-0.013345","-0.011553","-0.021065","-0.034370","-0.038981","-0.014222","0.151675","1.224022","","","2022-01-06"
"IE00B0MD9S72","11.250000","USD","22.561090","4708788803.2","0.000890","0.003595","0.014357","-0.012987","-0.021276","-0.031604","-0.031604","0.179312","1.256109","","","2021-12-31"
"IE00B11XYX59","46.720000","USD","46.720000","","-0.006803","-0.012262","-0.011217","-0.020545","-0.034112","-0.038683","-0.013722","0.152442","1.134308","","","2022-01-06"
"IE00B11XYX59","47.370000","USD","47.370000","4708788803.2","0.001480","0.003814","0.014347","-0.013125","-0.020876","-0.031882","-0.031882","0.178945","1.164002","","","2021-12-31"
"IE00B11XZ210","30.780000","USD","30.780000","","-0.001946","-0.006135","-0.009015","-0.010289","-0.015040","-0.027795","-0.005814","0.110790","0.903525","","","2022-01-06"
"IE00B11XZ210","30.960000","USD","30.960000","14037251647.41","-0.000323","-0.000646","-0.001290","-0.004822","-0.006418","-0.023344","-0.023344","0.119711","0.914657","","","2021-12-31"
"IE00B11XZ871","35.200000","USD","35.200000","","-0.003115","-0.006772","0.004280","0.000853","-0.003115","0.027737","-0.006772","0.205892","1.200000","","","2022-01-06"
"IE00B11XZ871","35.440000","USD","35.440000","3923909031.69","0.000000","0.002262","0.018976","0.002546","0.006818","0.035047","0.035047","0.230556","1.215000","","","2021-12-31"
"IE00B193MK07","13.860000","USD","24.123120","","-0.003594","-0.009292","-0.006599","-0.011530","-0.020733","-0.015341","-0.010000","0.180754","1.301824","","","2022-01-06"
"IE00B193MK07","14.000000","USD","24.366780","16435366038.7","0.000715","0.001294","0.009190","-0.006479","-0.008069","-0.009528","-0.009528","0.199307","1.325074","","","2021-12-31"
"IE00B193ML14","11.160000","USD","24.090100","","-0.002681","-0.005348","0.004239","0.001557","-0.000410","0.019004","-0.006234","0.197021","1.347963","","","2022-01-06"
"IE00B193ML14","11.230000","USD","24.241210","5169310432.56","0.000891","0.002483","0.018724","0.002483","0.007637","0.026304","0.026304","0.216292","1.362691","","","2021-12-31"
"IE00B193MN38","10.700000","USD","23.918320","","-0.002796","-0.006499","0.004633","0.000909","-0.003494","0.027037","-0.006499","0.206116","1.196356","","","2022-01-06"
"IE00B193MN38","10.770000","USD","24.074790","3923909031.69","0.000000","0.001885","0.018787","0.001885","0.006706","0.034712","0.034712","0.229916","1.210725","","","2021-12-31"
"IE00B1D7YK27","24.170000","USD","24.170000","","-0.003710","-0.009426","-0.007392","-0.011856","-0.021061","-0.015879","-0.010238","0.179600","1.260992","","","2022-01-06"
"IE00B1D7YK27","24.420000","USD","24.420000","16435366038.7","0.000820","0.001230","0.008674","-0.006913","-0.008526","-0.010134","-0.010134","0.198822","1.284378","","","2021-12-31"
"IE00B1D7YM41","25.040000","USD","25.040000","","-0.002390","-0.005955","0.004412","0.001600","-0.000798","0.019129","-0.005955","0.196941","1.309963","","","2022-01-06"
"IE00B1D7YM41","25.190000","USD","25.190000","5169310432.56","0.000000","0.001590","0.018189","0.002388","0.007600","0.026487","0.026487","0.216321","1.323801","","","2021-12-31"
"IE00B3BC9V92","149.750000","USD","167.685840","226751497.33","-0.012594","-0.026016","-0.031747","-0.033185","-0.114848","-0.067791","-0.035613","0.803131","14.957466","","","2022-01-06"
"IE00B3BC9V92","151.660000","USD","169.824610","229923560.5","-0.022242","-0.016791","-0.033335","-0.042309","-0.103134","-0.055725","-0.023313","0.826129","15.160997","","","2022-01-05"
"IE00B464Q616","8.190000","USD","14.811450","","-0.004860","-0.008475","-0.006392","-0.032506","-0.055940","-0.057255","-0.009674","0.133315","0.481145","","","2022-01-06"
"IE00B464Q616","8.270000","USD","14.956130","360906351.95","0.001210","0.000893","-0.001515","-0.033232","-0.048868","-0.049099","-0.049099","0.145792","0.495613","","","2021-12-31"
"IE00B5TLWC47","2.840900","USD","2.840900","","-0.016377","-0.021324","0.034484","0.061542","0.052029","0.156624","-0.019297","0.722802","1.840900","","","2022-01-05"
"IE00B7JY6H00","1614.560000","USD","1614.560000","1876496860.34","-0.004611","-0.027174","-0.041480","-0.040637","-0.203233","-0.225683","-0.044266","0.597309","0.955999","","","2022-01-06"
"IE00B7JY6H00","1622.040000","USD","1622.040000","1887377925.18","-0.028189","-0.036936","-0.062903","-0.052309","-0.203121","-0.207768","-0.039838","0.604709","0.965061","","","2022-01-05"
"IE00BDCJY700","1.027300","USD","1.027300","","-0.001652","-0.006095","-0.016373","-0.006480","-0.014486","-0.001070","-0.007631","0.027300","0.027300","","","2022-01-05"
"IE00BF47CT44","13.276600","USD","13.276600","","-0.004521","-0.002412","0.007016","0.000188","-0.002112","0.033858","-0.003266","0.357220","0.327660","","","2022-01-06"
"IE00BF47CT44","13.336900","USD","13.336900","175010675.73","0.000398","0.004360","0.010670","0.000728","0.002624","0.038732","0.001261","0.363385","0.333690","","","2022-01-05"
"IE00BFM0L103","116.900000","USD","116.900000","","-0.000598","-0.000598","0.010197","0.006977","0.011071","0.051259","-0.000684","0.212781","0.169000","","","2022-01-06"
"IE00BFM0L103","116.970000","USD","116.970000","1762192091.95","-0.000342","0.001541","0.012552","0.005329","0.012201","0.052551","-0.000085","0.213508","0.169700","","","2022-01-05"
"IE00BFM0L210","93.270000","USD","116.908210","","-0.000643","-0.000628","0.010239","0.006970","0.011130","0.051259","-0.000628","0.212961","0.169082","","","2022-01-06"
"IE00BFM0L210","93.330000","USD","116.983410","1762192091.95","-0.000321","0.001508","0.012633","0.005379","0.012204","0.052598","0.000015","0.213741","0.169834","","","2022-01-05"
"IE00BFMH9K60","106.600000","USD","106.600000","","-0.006801","-0.010673","-0.006431","-0.015697","-0.034945","-0.046853","-0.011407","0.066000","0.066000","","","2022-01-06"
"IE00BFMH9K60","107.330000","USD","107.330000","1688116846.91","-0.001117","-0.001303","0.001960","-0.010875","-0.028688","-0.047480","-0.004637","0.073300","0.073300","","","2022-01-05"
"IE00BFMH9L77","94.470000","USD","106.208910","","-0.006833","-0.010722","-0.006475","-0.015779","-0.034909","-0.046903","-0.011444","0.062089","0.062089","","","2022-01-06"
"IE00BFMH9L77","95.120000","USD","106.939680","1688116846.91","-0.001050","-0.001312","0.001935","-0.010939","-0.028656","-0.047383","-0.004642","0.069397","0.069397","","","2022-01-05"
"IE00BGSXQR19","9.470000","USD","9.470000","","-0.008377","-0.011482","-0.008377","-0.058648","-0.119888","-0.122335","-0.012513","-0.053000","-0.053000","","","2022-01-06"
"IE00BGSXQR19","9.590000","USD","9.590000","3410797566.87","0.001044","0.001044","-0.005187","-0.067121","-0.116129","-0.111214","-0.111214","-0.041000","-0.041000","","","2021-12-31"
"IE00BGSXQS26","8.730000","USD","9.964180","","-0.009081","-0.012443","-0.007773","-0.059136","-0.120081","-0.123139","-0.012443","-0.003582","-0.003582","","","2022-01-06"
"IE00BGSXQS26","8.840000","USD","10.089730","3410797566.87","0.000000","0.000203","-0.005397","-0.067192","-0.115970","-0.111237","-0.111237","0.008973","0.008973","","","2021-12-31"
"IE00BGSXSD13","8.690000","HKD","9.918470","","-0.006857","-0.011377","-0.007828","-0.056398","-0.115389","-0.116114","-0.011377","-0.008153","-0.008153","","","2022-01-06"
"IE00BGSXSD13","8.790000","HKD","10.032610","3410797566.87","0.000000","0.000180","-0.005451","-0.065634","-0.112283","-0.105943","-0.105943","0.003261","0.003261","","","2021-12-31"
"IE00BKBMHV44","106.020000","HKD","106.020000","","-0.006466","-0.010546","-0.006466","-0.014134","-0.030896","-0.041584","-0.011100","0.060200","0.060200","","","2022-01-06"
"IE00BKBMHV44","106.710000","HKD","106.710000","1688116846.91","-0.000656","-0.001404","0.002160","-0.009468","-0.024678","-0.042444","-0.004664","0.067100","0.067100","","","2022-01-05"
"IE00BKBMHW50","94.260000","HKD","106.093150","","-0.006325","-0.010517","-0.006363","-0.013911","-0.030766","-0.040917","-0.011034","0.060932","0.060932","","","2022-01-06"
"IE00BKBMHW50","94.860000","HKD","106.768470","1688116846.91","-0.000737","-0.001505","0.002065","-0.009373","-0.024694","-0.041947","-0.004739","0.067685","0.067685","","","2022-01-05"
"IE00BN15GC88","9.600000","USD","9.600000","","-0.004149","-0.007239","-0.005181","-0.032258","-0.056047","-0.056974","-0.009288","-0.040000","-0.040000","","","2022-01-06"
"IE00BN15GC88","9.690000","USD","9.690000","360906351.95","0.002068","0.001033","-0.001031","-0.032934","-0.049068","-0.049068","-0.049068","-0.031000","-0.031000","","","2021-12-31"
"IE00BN15GG27","9.320000","HKD","9.663950","","-0.003209","-0.004864","-0.004864","-0.030043","-0.051656","-0.050859","-0.005924","-0.033605","-0.033605","","","2022-01-06"
"IE00BN15GG27","9.400000","HKD","9.721540","360906351.95","0.001066","-0.002123","-0.004236","-0.034250","-0.047917","-0.046149","-0.046149","-0.027846","-0.027846","","","2021-12-31"
"IE00BYVJR809","16.303000","USD","16.303000","","-0.026640","-0.016754","0.020168","0.043499","-0.144720","-0.245466","-0.030991","0.534516","0.630300","","","2022-01-06"
"IE00BYVJR809","16.749200","USD","16.749200","1206354213.14","0.001327","-0.002840","0.052092","0.072216","-0.109696","-0.220797","-0.004470","0.576514","0.674920","","","2022-01-05"
"IE00BYVJRD56","17.054400","USD","17.054400","","-0.026620","-0.016612","0.020824","0.045480","-0.141425","-0.239759","-0.030868","0.569809","0.705440","","","2022-01-06"
"IE00BYVJRD56","17.520800","USD","17.520800","1206354213.14","0.001349","-0.002573","0.052812","0.074250","-0.106214","-0.214905","-0.004364","0.612739","0.752080","","","2022-01-05"
"IE00BZ199S13","1.782800","USD","1.782800","","-0.024460","-0.015354","0.006152","0.084956","0.032251","0.146127","-0.014810","1.253856","0.782800","","","2022-01-05"
"KYG9319N1097","12.390000","USD","12.390000","","-0.008006","-0.015103","-0.030516","-0.143154","-0.216814","-0.234240","-0.015103","-0.165657","0.239000","","","2022-01-06"
"KYG9319N1170","5.110000","USD","12.367920","","-0.007767","-0.015264","-0.030099","-0.143149","-0.216118","-0.234361","-0.015264","-0.165705","0.236792","","","2022-01-06"
"KYG9319N1253","12.360000","HKD","12.360000","","-0.007229","-0.014354","-0.029827","-0.141070","-0.212739","-0.229426","-0.014354","-0.169355","0.236000","","","2022-01-06"
"KYG9319N1337","5.110000","HKD","12.392720","","-0.007767","-0.013381","-0.030103","-0.141755","-0.212769","-0.229263","-0.013381","-0.168984","0.239272","","","2022-01-06"
"LU0011847091","136.370000","GBP","138.521360","","-0.025441","-0.034138","-0.003289","0.031777","-0.004599","0.068730","-0.031807","0.400246","19.030187","","","2022-01-06"
"LU0011847091","139.930000","GBP","142.137520","","-0.008643","-0.010256","0.025955","0.050762","0.023703","0.117830","-0.006532","0.436800","19.553083","","","2022-01-05"
"LU0011850046","95.210000","USD","95.210000","","-0.031139","-0.031927","0.011581","0.027964","0.010507","0.157709","-0.028073","0.899262","8.463932","","","2022-01-06"
"LU0011850046","98.270000","USD","98.270000","","-0.000915","0.000509","0.049445","0.053269","0.042100","0.203994","0.003165","0.960303","8.768098","","","2022-01-05"
"LU0040709171","50.640000","USD","50.640000","","0.001780","-0.016508","-0.010938","-0.052572","-0.122661","-0.117309","-0.015552","0.415316","-0.006669","","","2022-01-06"
"LU0040709171","50.550000","USD","50.550000","637181679.29","-0.019779","-0.007656","-0.008435","-0.053371","-0.138548","-0.127546","-0.017302","0.412800","-0.008435","","","2022-01-05"
"LU0047713382","47.070000","USD","47.070000","","-0.013828","-0.016095","-0.015890","-0.028282","-0.121337","-0.083885","-0.023647","0.458630","3.707000","","","2022-01-06"
"LU0047713382","47.730000","USD","47.730000","","-0.012415","0.002520","-0.016079","-0.023527","-0.112495","-0.064668","-0.009956","0.479083","3.773000","","","2022-01-05"
"LU0051755006","92.790000","USD","106.705430","","-0.006850","-0.042217","-0.053936","-0.080285","-0.251866","-0.276707","-0.059783","0.836669","-0.072842","","","2022-01-06"
"LU0051755006","93.430000","USD","107.441410","6551727032.84","-0.025959","-0.030105","-0.066447","-0.082941","-0.257953","-0.261005","-0.053298","0.849337","-0.066447","","","2022-01-05"
"LU0052864419","85.210000","USD","85.210000","","-0.039346","-0.026616","-0.027505","-0.092255","-0.192628","-0.110821","-0.037936","0.771886","17.129787","","","2022-01-06"
"LU0053666078","339.220000","USD","347.066080","","-0.019907","-0.014382","0.040776","0.086164","0.063185","0.242420","-0.007577","0.933991","33.706608","","","2022-01-06"
"LU0053666078","346.110000","USD","354.115440","3956425013.08","-0.001500","0.007071","0.065971","0.103562","0.087404","0.279369","0.012580","0.973273","34.411544","","","2022-01-05"
"LU0053685615","48.380000","USD","55.382010","","-0.012653","-0.025383","-0.022429","-0.054154","-0.136839","-0.140366","-0.033753","0.508077","-0.039889","","","2022-01-06"
"LU0053685615","49.000000","USD","56.091740","11199816435.43","-0.015075","-0.009501","-0.027585","-0.053140","-0.133965","-0.131971","-0.021370","0.527404","-0.027585","","","2022-01-05"
"LU0056508442","77.670000","USD","77.670000","","-0.046175","-0.077991","-0.036711","-0.026204","-0.073261","0.001677","-0.077225","1.695939","6.767000","","","2022-01-06"
"LU0056508442","81.430000","USD","81.430000","","-0.025374","-0.030018","-0.012491","0.016858","-0.025374","0.040107","-0.032553","1.826449","7.143000","","","2022-01-05"
"LU0058720904","535.540000","USD","535.540000","","-0.012811","-0.055984","0.014280","0.056209","0.040672","0.166983","-0.052996","0.639391","0.021672","","","2022-01-06"
"LU0058720904","542.490000","USD","542.490000","2898049761.16","-0.016498","-0.044660","0.034931","0.070274","0.051704","0.183107","-0.040707","0.660667","0.034931","","","2022-01-05"
"LU0060230025","748.630000","USD","752.290830","","-0.000894","-0.061926","-0.037961","-0.004428","-0.037689","0.081773","-0.056844","1.570403","-0.036587","","","2022-01-06"
"LU0060230025","749.300000","USD","752.964110","1568727616.99","-0.039913","-0.060250","-0.035724","0.002435","-0.034357","0.075437","-0.056000","1.572704","-0.035724","","","2022-01-05"
"LU0072462426","76.180000","USD","76.180000","","-0.015635","-0.017919","0.007539","0.016547","-0.018552","0.041422","-0.015889","0.457711","4.437545","","","2022-01-06"
"LU0072462426","77.390000","USD","77.390000","","-0.004118","-0.000775","0.024626","0.025984","-0.005909","0.062466","-0.000258","0.480865","4.523911","","","2022-01-05"
"LU0079474960","182.100000","USD","182.100000","","-0.002028","-0.049185","-0.007034","0.055285","0.039740","0.236588","-0.043994","1.129078","0.001485","","","2022-01-06"
"LU0079474960","182.470000","USD","182.470000","8225450344.98","-0.029828","-0.050871","0.003520","0.064213","0.046453","0.228589","-0.042052","1.133403","0.003520","","","2022-01-05"
"LU0082616367","46.050000","USD","46.336660","","-0.047373","-0.080104","-0.028481","0.011643","-0.038224","0.047043","-0.078447","1.791833","3.656951","","","2022-01-06"
"LU0082616367","48.340000","USD","48.640910","6896905542.73","-0.022842","-0.029122","-0.008207","0.058927","0.010658","0.088716","-0.032620","1.930666","3.888534","","","2022-01-05"
"LU0089639750","53.140000","USD","61.568360","","-0.040101","-0.069841","-0.030646","-0.044588","-0.099782","0.033221","-0.067719","0.786219","5.156836","","","2022-01-06"
"LU0089639750","55.360000","USD","64.140470","602396504.93","-0.016347","-0.028602","-0.003958","-0.013542","-0.058986","0.068492","-0.028772","0.860841","5.414047","","","2022-01-05"
"LU0093502762","41.750000","EUR","41.750000","","-0.028392","-0.026125","0.011141","0.073817","0.063965","0.232654","-0.024533","0.708265","3.175000","","","2022-01-06"
"LU0093502762","42.970000","EUR","42.970000","","-0.005554","0.004911","0.043468","0.102360","0.096733","0.275074","0.003972","0.758183","3.297000","","","2022-01-05"
"LU0093503497","20.230000","EUR","20.230000","","-0.012689","-0.016529","0.004968","0.046560","0.046560","0.131432","-0.013652","0.426657","1.023000","","","2022-01-06"
"LU0093503497","20.490000","EUR","20.490000","","-0.004373","-0.002434","0.018390","0.057276","0.061108","0.146614","-0.000975","0.444993","1.049000","","","2022-01-05"
"LU0104030142","51.080000","EUR","56.560090","","-0.027048","-0.040030","0.009087","0.052111","0.066145","0.268049","-0.040030","1.278178","4.684431","","","2022-01-06"
"LU0104030142","52.500000","EUR","58.132430","1284087142.63","-0.016301","-0.009247","0.034483","0.075820","0.105473","0.301362","-0.013343","1.341510","4.842455","","","2022-01-05"
"LU0106831901","41.080000","USD","41.080000","","-0.012263","0.026230","0.054415","-0.012500","0.037112","0.170704","0.030607","0.679477","0.059309","","","2022-01-06"
"LU0106831901","41.590000","USD","41.590000","","-0.000481","0.043402","0.072460","-0.004071","0.040010","0.218219","0.043402","0.700327","0.072460","","","2022-01-05"
"LU0117841782","68.020000","USD","88.445260","","-0.007587","-0.030225","-0.033944","-0.030087","-0.171994","-0.160861","-0.041702","1.013793","-0.050000","","","2022-01-06"
"LU0117841782","68.540000","USD","89.121410","2799684610.67","-0.021696","-0.020997","-0.042737","-0.031511","-0.174108","-0.143137","-0.034376","1.029188","-0.042737","","","2022-01-05"
"LU0119062650","25.020000","EUR","32.769080","","-0.014961","-0.001596","0.041199","0.085938","0.058713","0.233955","-0.001596","0.531278","2.293375","","","2022-01-06"
"LU0119062650","25.400000","EUR","33.266770","805460755.34","-0.001965","0.016813","0.064097","0.093414","0.075697","0.272007","0.013567","0.554534","2.343394","","","2022-01-05"
"LU0122379950","64.140000","USD","64.140000","","-0.023893","-0.045678","0.019066","0.041403","-0.002799","0.083629","-0.045252","0.566300","5.414000","","","2022-01-06"
"LU0122379950","65.710000","USD","65.710000","","-0.001064","-0.017347","0.050184","0.056601","0.014513","0.111844","-0.021882","0.604640","5.571000","","","2022-01-05"
"LU0124384867","17.940000","USD","17.940000","","-0.029746","-0.035484","-0.013744","0.059032","0.027491","0.067222","-0.036002","1.190476","-0.012115","","","2022-01-06"
"LU0124384867","18.490000","USD","18.490000","","-0.006982","-0.003235","0.018172","0.083187","0.061424","0.135052","-0.006448","1.257631","0.018172","","","2022-01-05"
"LU0143551892","77.590000","USD","77.590000","","-0.026352","-0.029033","0.008055","-0.007547","-0.035190","0.054212","-0.026841","1.121104","0.005703","","","2022-01-06"
"LU0143551892","79.690000","USD","79.690000","5278412261.23","-0.007226","0.003273","0.032923","0.009629","-0.010799","0.082745","-0.000502","1.178513","0.032923","","","2022-01-05"
"LU0154237225","14.100000","USD","14.100000","","-0.001416","-0.001416","-0.001416","-0.009136","-0.010526","-0.009136","-0.001416","0.062547","0.410000","","","2022-01-06"
"LU0154237225","14.120000","USD","14.120000","","0.000000","0.000000","0.000000","-0.008427","-0.009818","-0.007730","0.000000","0.064054","0.412000","","","2022-01-05"
"LU0174119429","72.450000","USD","72.450000","","-0.033485","-0.059946","-0.007670","-0.000965","-0.033871","0.129384","-0.055780","0.957050","-0.012001","","","2022-01-06"
"LU0174119429","74.960000","USD","74.960000","2826657523.98","-0.017305","-0.025608","0.022228","0.028540","0.001470","0.156969","-0.023068","1.024851","0.022228","","","2022-01-05"
"LU0203202907","28.870000","USD","28.870000","","-0.002763","-0.013329","0.007679","0.021947","0.010854","0.090669","-0.012654","0.344667","0.924667","","","2022-01-06"
"LU0203202907","28.950000","USD","28.950000","42943838.59","-0.010933","-0.011945","0.017575","0.022607","0.010824","0.097422","-0.009918","0.348393","0.930000","","","2022-01-05"
"LU0207127084","20.900000","USD","20.900000","","-0.011353","-0.014616","-0.013686","-0.029712","-0.041724","-0.031511","-0.016008","0.085151","1.090000","","","2022-01-06"
"LU0207127084","21.140000","USD","21.140000","235055090.2","-0.001417","-0.003770","-0.000945","-0.021749","-0.031608","-0.032051","-0.004708","0.097612","1.114000","","","2022-01-05"
"LU0210528500","45.330000","USD","45.330000","","-0.019892","-0.014351","0.040873","0.086269","0.063086","0.242258","-0.007445","0.933874","3.533000","","","2022-01-06"
"LU0210528500","46.250000","USD","46.250000","3956425013.08","-0.001511","0.007186","0.065914","0.103555","0.087468","0.279391","0.012700","0.973123","3.625000","","","2022-01-05"
"LU0210529656","36.130000","USD","36.130000","","-0.012572","-0.025357","-0.022192","-0.053941","-0.136679","-0.140171","-0.033440","0.508559","2.613000","","","2022-01-06"
"LU0210529656","36.590000","USD","36.590000","11199816435.43","-0.014809","-0.009475","-0.027379","-0.053054","-0.133964","-0.131910","-0.021134","0.527766","2.659000","","","2022-01-05"
"LU0210532015","83.760000","EUR","83.760000","","-0.027065","-0.040000","0.009157","0.052261","0.066327","0.267938","-0.040000","1.278564","7.376000","","","2022-01-06"
"LU0210532015","86.090000","EUR","86.090000","1284087142.63","-0.016227","-0.009207","0.034611","0.075856","0.105561","0.301436","-0.013295","1.341948","7.609000","","","2022-01-05"
"LU0210533765","28.530000","USD","28.530000","","-0.040363","-0.070078","-0.030910","-0.044861","-0.100000","0.033321","-0.067952","0.785357","1.853000","","","2022-01-06"
"LU0210533765","29.730000","USD","29.730000","602396504.93","-0.016214","-0.028431","-0.003686","-0.013276","-0.058879","0.068656","-0.028749","0.860451","1.973000","","","2022-01-05"
"LU0224105477","43.640000","EUR","43.640000","","-0.028711","-0.040879","0.000459","0.048031","0.028760","0.205525","-0.038555","1.049789","30.235014","","","2022-01-06"
"LU0224105477","44.930000","EUR","44.930000","","-0.011659","-0.009480","0.024629","0.074880","0.066208","0.239448","-0.010134","1.110380","31.158322","","","2022-01-05"
"LU0238689110","31.470000","USD","31.470000","","-0.022063","-0.024489","0.016145","0.037587","-0.005373","0.117543","-0.021455","0.758101","2.147000","","","2022-01-06"
"LU0238689110","32.180000","USD","32.180000","","-0.004947","0.000311","0.040750","0.050604","0.013543","0.150107","0.000622","0.797765","2.218000","","","2022-01-05"
"LU0256840447","330.250000","EUR","330.250000","2053241847.21","-0.021249","-0.030814","0.017249","0.051551","0.016967","0.168820","-0.028505","0.730779","2.688708","","","2022-01-06"
"LU0272423673","9.510000","USD","9.510000","","-0.014508","0.012780","0.047357","0.086857","0.080682","0.202276","0.019293","0.356633","0.054324","","","2022-01-06"
"LU0272423673","9.650000","USD","9.650000","120989752.06","0.012592","0.030983","0.069845","0.090395","0.087937","0.256510","0.034298","0.376605","0.069845","","","2022-01-05"
"LU0336377303","133.150000","USD","155.705650","","-0.018430","-0.022465","0.018745","0.079274","0.039022","0.232472","-0.024399","0.438815","0.557057","","","2022-01-06"
"LU0336377303","135.650000","USD","158.629150","113278206.94","-0.007899","0.004071","0.048867","0.086330","0.059675","0.255842","-0.006082","0.465830","0.586292","","","2022-01-05"
"LU0344579056","205.900000","USD","205.900000","","-0.003967","-0.007376","0.006944","0.000583","0.000680","0.048477","-0.005602","0.222104","1.059000","","","2022-01-06"
"LU0344579056","206.720000","USD","206.720000","8845581415.63","-0.000484","-0.003567","0.010955","0.001745","0.005008","0.052921","-0.001642","0.226971","1.067200","","","2022-01-05"
"LU0348783233","221.860000","USD","255.103100","","-0.021177","-0.033585","0.001038","0.047102","-0.024577","0.001716","-0.040439","1.248682","-0.017971","","","2022-01-06"
"LU0348784397","244.950000","USD","244.950000","","-0.021179","-0.033613","0.001022","0.047108","-0.024609","0.001677","-0.040465","1.248485","2.740837","","","2022-01-06"
"LU0348814723","41.040000","USD","49.304990","","-0.008935","-0.012037","-0.014646","-0.040000","-0.160221","-0.153814","-0.021692","0.602970","3.930499","","","2022-01-06"
"LU0348816934","47.820000","USD","47.820000","","-0.008912","-0.011983","-0.014630","-0.039952","-0.160021","-0.153778","-0.021686","0.603084","2.741784","","","2022-01-06"
"LU0356780857","88.570000","USD","211.316590","","-0.003936","-0.007397","0.006952","0.000557","0.000619","0.048467","-0.005614","0.221937","1.113166","","","2022-01-06"
"LU0356780857","88.920000","USD","212.151650","8845581415.63","-0.000562","-0.003586","0.010931","0.001722","0.005014","0.052963","-0.001684","0.226766","1.121517","","","2022-01-05"
"LU0471471150","11.600000","USD","24.115200","","-0.008547","-0.011925","-0.007232","-0.018823","-0.035854","-0.046859","-0.011925","0.122613","-0.005537","","","2022-01-06"
"LU0471471150","11.700000","USD","24.323090","2775651073.69","-0.001706","-0.002557","0.003036","-0.013655","-0.028328","-0.042363","-0.003407","0.132291","0.003036","","","2022-01-05"
"LU0531876844","20.216000","USD","20.216000","","0.001834","-0.009990","-0.035634","-0.084047","-0.231155","-0.268252","-0.029430","0.242456","1.021600","","","2022-01-06"
"LU0545039389","22.710000","USD","22.710000","","-0.018158","-0.012609","0.028533","0.059729","0.028999","0.144081","-0.009162","0.482376","1.490132","","","2022-01-06"
"LU0545039389","23.130000","USD","23.130000","","0.000433","0.006966","0.055682","0.072820","0.044244","0.178899","0.009162","0.509791","1.536184","","","2022-01-05"
"LU0560541111","17.791000","USD","17.791000","","-0.007476","0.026720","0.029512","-0.037023","-0.041382","0.128942","0.026720","0.271240","0.779100","","","2022-01-06"
"LU0560541111","17.925000","USD","17.925000","125283837795.96","0.018871","0.033558","0.045068","-0.052740","-0.038719","0.165172","0.034453","0.280815","0.792500","","","2022-01-05"
"LU0683600562","56.850000","USD","56.850000","","0.000352","-0.006987","0.023034","0.078748","0.084510","0.277241","-0.004553","0.857236","0.036085","","","2022-01-06"
"LU0683600562","56.830000","USD","56.830000","4256377028.81","-0.015078","-0.009930","0.035721","0.084749","0.082064","0.288370","-0.004903","0.856583","0.035721","","","2022-01-05"
"LU0689472784","24.720000","USD","24.720000","","-0.017878","-0.029065","0.003247","0.018122","0.005696","0.087549","-0.027155","0.580563","1.472000","","","2022-01-06"
"LU0689472784","25.170000","USD","25.170000","37730940599.63","-0.007492","-0.008665","0.016149","0.032827","0.025672","0.106860","-0.009445","0.609335","1.517000","","","2022-01-05"
"LU0708185235","237.410000","USD","237.410000","108534277.73","-0.010709","-0.061435","-0.108152","-0.206013","-0.226047","-0.209240","-0.083430","0.676980","1.374100","","","2022-01-06"
"LU0727847666","9.850000","HKD","18.707250","","-0.003037","-0.007056","0.007841","0.003224","0.005623","0.055052","-0.005050","0.216484","0.688380","","","2022-01-06"
"LU0727847666","9.880000","HKD","18.764230","8845581415.63","0.000000","-0.003027","0.011942","0.003257","0.008686","0.058265","-0.002020","0.220189","0.693523","","","2022-01-05"
"LU0744789560","247.590000","HKD","247.590000","108534277.73","-0.009838","-0.061199","-0.108137","-0.204760","-0.222589","-0.204326","-0.083102","0.670084","1.475900","","","2022-01-06"
"LU0744789560","250.050000","HKD","250.050000","109650449.91","-0.041807","-0.048950","-0.135583","-0.196859","-0.214075","-0.180621","-0.073992","0.686678","1.500500","","","2022-01-05"
"LU0762541174","10.221000","USD","14.897770","","-0.006995","-0.006126","0.000995","-0.012524","-0.049557","-0.061763","-0.008825","0.183986","0.489777","","","2022-01-06"
"LU0762541174","10.293000","USD","15.002710","600708858.02","0.000194","-0.000631","0.006083","-0.008788","-0.043559","-0.055739","-0.001843","0.192326","0.500271","","","2022-01-05"
"LU0762542818","10.268000","HKD","14.966480","","-0.006195","-0.006098","0.001006","-0.010827","-0.045553","-0.056052","-0.008402","0.179059","0.496648","","","2022-01-06"
"LU0762542818","10.332000","HKD","15.059770","600708858.02","0.000097","-0.000905","0.006268","-0.007592","-0.040303","-0.050841","-0.002221","0.186408","0.505977","","","2022-01-05"
"LU0784640038","90.370000","USD","168.710950","","-0.004078","-0.006814","0.010930","0.002489","0.003599","0.048489","-0.005721","0.262830","0.007341","","","2022-01-06"
"LU0784640038","90.740000","USD","169.401700","212470419.18","-0.000551","-0.002857","0.011465","0.003739","0.008471","0.053013","-0.001650","0.268000","0.011465","","","2022-01-05"
"LU0815945547","9.840000","HKD","11.535620","","-0.001015","-0.002028","-0.000105","-0.008322","-0.011595","-0.005305","-0.002028","0.069604","0.153562","","","2022-01-06"
"LU0853555463","14.230000","USD","14.230000","9948413146.46","-0.002104","-0.005590","-0.007671","-0.002803","-0.002803","0.004234","-0.004895","0.171193","0.423000","","","2022-01-06"
"LU0862451837","94.240000","USD","144.722620","","-0.015256","-0.004857","0.014984","0.051039","0.007711","0.037075","-0.004857","0.486540","0.008920","","","2022-01-06"
"LU0862451837","95.700000","USD","146.964720","509706280.58","-0.000313","0.008643","0.024551","0.062630","0.021931","0.051803","0.010560","0.509570","0.024551","","","2022-01-05"
"LU0863150172","38.030000","HKD","38.030000","","-0.019087","-0.014001","0.041062","0.088126","0.067659","0.249343","-0.007050","0.920707","2.432310","","","2022-01-06"
"LU0863150172","38.770000","HKD","38.770000","3956425013.08","-0.001288","0.007013","0.066282","0.104873","0.090884","0.285477","0.012272","0.958081","2.499097","","","2022-01-05"
"LU0889220934","9.830000","USD","15.316540","224126039.46","0.000000","0.001018","0.008205","0.003086","0.005044","0.021165","0.001018","0.196042","0.009236","","","2022-01-06"
"LU0927678507","244.080000","USD","244.080000","","-0.038525","-0.047344","-0.038866","-0.002330","0.002959","0.039877","-0.047344","0.846852","1.508788","","","2022-01-06"
"LU0927678507","253.860000","USD","253.860000","522185049410","-0.022563","-0.010485","-0.015092","0.032287","0.044047","0.067715","-0.009172","0.920854","1.609312","","","2022-01-05"
"LU0965088593","19.123000","USD","19.123000","","-0.007165","0.032671","0.053029","0.000680","0.000157","0.264414","0.032671","0.383019","0.912300","","","2022-01-06"
"LU0965088593","19.261000","USD","19.261000","125283837795.96","0.014912","0.041867","0.066678","-0.016945","0.000519","0.308136","0.040123","0.392999","0.926100","","","2022-01-05"
"LU0980739220","24.180000","USD","24.180000","2053241847.21","-0.021449","-0.030862","0.018534","0.053595","0.021546","0.180088","-0.028526","0.831818","0.006661","","","2022-01-06"
"LU0987226023","17.900000","HKD","17.900000","","-0.014317","-0.001116","0.037681","0.080266","0.050469","0.215207","-0.001116","0.545769","0.790000","","","2022-01-06"
"LU0987226023","18.160000","HKD","18.160000","805460755.34","-0.001649","0.015092","0.060128","0.086774","0.066353","0.253278","0.013393","0.568221","0.816000","","","2022-01-05"
"LU0987226296","248.290000","USD","248.290000","","-0.014096","-0.001086","0.038479","0.081874","0.052032","0.217526","-0.001086","0.557068","0.834565","","","2022-01-06"
"LU0987226296","251.840000","USD","251.840000","805460755.34","-0.001348","0.015525","0.060736","0.088285","0.067435","0.256310","0.013196","0.579330","0.860795","","","2022-01-05"
"LU0992293067","10.260000","USD","13.433810","9948413146.46","0.000276","-0.005523","-0.008397","-0.002682","-0.002834","0.003453","-0.001665","0.170254","0.343381","","","2022-01-06"
"LU1005227563","92.310000","USD","137.150700","","-0.006030","-0.009974","-0.007172","-0.005906","-0.012444","-0.025247","-0.010505","0.197016","-0.005573","","","2022-01-06"
"LU1005227563","92.870000","USD","137.982730","854014212.56","-0.001398","-0.003648","0.000460","-0.002214","-0.005932","-0.022889","-0.004502","0.204278","0.000460","","","2022-01-05"
"LU1034075835","588.340000","USD","588.340000","","-0.026233","-0.039319","0.007932","0.055129","0.068369","0.269588","-0.039319","1.335609","3.307028","","","2022-01-06"
"LU1034075835","604.190000","USD","604.190000","1284087142.63","-0.016089","-0.009638","0.031974","0.078141","0.106535","0.302723","-0.013438","1.398531","3.423060","","","2022-01-05"
"LU1041599405","133.400000","USD","133.400000","","-0.001572","-0.000674","0.006261","-0.003511","-0.006331","0.020814","-0.000150","0.164964","0.334000","","","2022-01-06"
"LU1041599405","133.610000","USD","133.610000","12216645571.63","-0.000224","0.000899","0.007769","-0.003654","-0.004693","0.023126","0.001424","0.166798","0.336100","","","2022-01-05"
"LU1075211356","16.680000","USD","16.680000","","-0.011848","-0.010089","0.036669","0.082414","0.047739","0.214858","-0.005959","0.402860","0.037959","","","2022-01-06"
"LU1097445909","139.503000","HKD","139.503000","","0.002731","-0.009753","-0.035609","-0.082356","-0.227763","-0.263778","-0.029058","0.237376","0.395030","","","2022-01-06"
"LU1128926307","9.100000","HKD","13.465450","","0.000000","0.000434","0.007052","-0.000622","-0.001912","0.028059","0.000434","0.161147","0.346545","","","2022-01-06"
"LU1128926307","9.100000","HKD","13.465450","12216645571.63","0.000000","0.000434","0.008163","-0.002788","-0.001912","0.029170","0.000434","0.161147","0.346545","","","2022-01-05"
"LU1128926489","9.020000","USD","13.348380","","-0.002213","-0.000671","0.005991","-0.003926","-0.006298","0.020314","-0.000671","0.164789","0.334838","","","2022-01-06"
"LU1128926489","9.040000","USD","13.377980","12216645571.63","0.000000","0.001545","0.008222","-0.002806","-0.004094","0.023682","0.001545","0.167372","0.337798","","","2022-01-05"
"LU1216622560","13.620000","USD","13.620000","","-0.005839","-0.008734","0.004425","-0.012328","-0.014472","0.017937","-0.009455","0.193690","0.362000","","","2022-01-06"
"LU1216622560","13.700000","USD","13.700000","624207192.11","-0.001458","-0.002911","0.014064","-0.009400","-0.009400","0.023916","-0.003636","0.200701","0.370000","","","2022-01-05"
"LU1244138183","16.950000","USD","16.950000","","-0.013962","0.002959","0.016797","0.007729","-0.049355","0.011337","-0.002941","0.275395","0.695000","","","2022-01-06"
"LU1244138183","17.190000","USD","17.190000","119648434.6","0.006440","0.020178","0.033053","0.014159","-0.041272","0.033053","0.011176","0.293454","0.719000","","","2022-01-05"
"LU1244139074","12.210000","USD","12.210000","","-0.004890","-0.008123","-0.004890","-0.012136","-0.013732","-0.002451","-0.008929","0.134758","-0.002451","","","2022-01-06"
"LU1244139074","12.270000","USD","12.270000","129325104.97","-0.000814","-0.003249","0.002451","-0.009685","-0.008084","0.000816","-0.004058","0.140335","0.002451","","","2022-01-05"
"LU1273543592","240.340000","USD","240.340000","","-0.014111","-0.011801","0.041876","0.083687","0.063875","0.245737","-0.011801","0.732055","0.039039","","","2022-01-06"
"LU1273543592","243.780000","USD","243.780000","857096645.01","-0.007734","0.003416","0.053910","0.090885","0.084865","0.270482","0.002344","0.756846","0.053910","","","2022-01-05"
"LU1323998911","13.910000","USD","13.910000","","-0.009259","-0.011372","-0.002152","-0.025910","-0.079418","-0.070187","-0.012775","0.159167","0.391000","","","2022-01-06"
"LU1323998911","14.040000","USD","14.040000","","-0.003549","-0.002132","0.005731","-0.023644","-0.073267","-0.061497","-0.003549","0.170000","0.404000","","","2022-01-05"
"LU1366192091","19.530000","USD","24.492010","","-0.029807","-0.046387","0.000667","0.069592","0.048973","0.207310","-0.041708","1.004532","1.449201","","","2022-01-06"
"LU1366192091","20.130000","USD","25.244460","236008936.08","-0.013235","-0.016129","0.021487","0.098866","0.086381","0.239188","-0.012267","1.066115","1.524446","","","2022-01-05"
"LU1497733557","9.871000","USD","12.079310","","-0.009930","-0.002086","0.031816","0.020068","-0.008458","0.022396","-0.003592","0.160482","0.029992","","","2022-01-06"
"LU1497733557","9.970000","USD","12.200460","1443696928.2","0.001607","0.009755","0.040322","0.024007","-0.002745","0.035445","0.006401","0.172121","0.040322","","","2022-01-05"
"LU1548497426","29.390000","USD","29.390000","","-0.046089","-0.054680","-0.024236","-0.029072","-0.100122","0.016252","-0.060122","1.711255","1.939000","","","2022-01-06"
"LU1560902808","9.900000","USD","11.733160","","-0.003022","-0.006024","-0.004024","-0.009957","-0.012921","-0.011776","-0.007021","0.175924","-0.001022","","","2022-01-06"
"LU1670770301","7.760000","USD","10.374130","","-0.011465","-0.015228","-0.013605","-0.030053","-0.042114","-0.032029","-0.015228","0.086261","0.037413","","","2022-01-06"
"LU1670770301","7.850000","USD","10.494450","235055090.2","-0.001272","-0.003807","-0.000902","-0.021211","-0.031004","-0.032110","-0.003807","0.098860","0.049445","","","2022-01-05"
"LU1670770640","8.980000","USD","11.865250","","-0.005537","-0.008830","0.004499","-0.011843","-0.013842","0.018562","-0.008830","0.194625","0.186525","","","2022-01-06"
"LU1670770640","9.030000","USD","11.931310","624207192.11","-0.001107","-0.002210","0.014606","-0.008488","-0.008352","0.024233","-0.003311","0.201276","0.193131","","","2022-01-05"
"LU1676121723","9.420000","USD","11.408280","","-0.004229","-0.007377","-0.003817","-0.011315","-0.013207","-0.002584","-0.008421","0.134627","0.140828","","","2022-01-06"
"LU1676121723","9.460000","USD","11.456730","129325104.97","-0.001056","-0.003161","0.002527","-0.009173","-0.007999","0.000637","-0.004210","0.139446","0.145673","","","2022-01-05"
"LU1697875497","11.570000","USD","11.570000","","-0.010265","-0.013640","-0.016992","-0.030176","-0.043011","-0.034224","-0.015319","0.158158","0.157000","","","2022-01-06"
"LU1697875497","11.690000","USD","11.690000","60789594.42","0.000000","-0.002560","-0.005106","-0.021757","-0.033085","-0.027454","-0.005106","0.170170","0.169000","","","2022-01-05"
"LU1706112338","9.990000","USD","11.727850","","-0.010891","-0.013820","-0.017506","-0.030393","-0.043630","-0.034419","-0.015763","0.157488","0.172785","","","2022-01-06"
"LU1706112338","10.100000","USD","11.856980","60789594.42","0.000000","-0.002962","-0.004739","-0.021593","-0.033100","-0.027373","-0.004926","0.170232","0.185698","","","2022-01-05"
"LU1775963454","79.600000","USD","105.069520","","-0.009827","0.014271","0.026170","0.033095","-0.043154","-0.006935","0.006830","0.392969","83.406748","","","2022-01-06"
"LU1819532174","10.573000","USD","11.193120","","-0.000945","-0.001229","0.000441","-0.002406","-0.000735","0.006333","-0.001229","0.114742","0.001008","","","2022-01-06"
"LU1819532174","10.583000","USD","11.203710","419998258.71","-0.001415","-0.001443","0.001955","-0.000804","0.000398","0.006246","-0.000284","0.115796","0.001955","","","2022-01-05"
"LU1858968206","9.560000","USD","10.884920","","0.000000","0.001047","0.005672","-0.000811","-0.001668","0.002843","0.000000","0.092846","0.006727","","","2022-01-06"
"LU1861215975","22.760000","USD","22.760000","","-0.060281","-0.107451","-0.063374","-0.085944","-0.158284","-0.102877","-0.107801","1.944373","-0.750794","","","2022-01-06"
"LU1861215975","24.220000","USD","24.220000","","-0.027700","-0.042688","-0.032748","-0.034675","-0.105613","-0.050940","-0.050568","2.133247","-0.734808","","","2022-01-05"
"LU1887442140","153.030000","HKD","153.030000","","-0.038394","-0.026403","-0.027455","-0.090515","-0.188944","-0.105349","-0.037487","0.764035","0.530300","","","2022-01-06"
"LU1894109211","25.390000","HKD","25.390000","","-0.046922","-0.079739","-0.028320","0.013573","-0.034234","0.053090","-0.078068","1.774863","1.539000","","","2022-01-06"
"LU1894109211","26.640000","HKD","26.640000","6896905542.73","-0.022385","-0.029155","-0.007821","0.060510","0.014471","0.094495","-0.032680","1.911475","1.664000","","","2022-01-05"
"LU2068974737","10.512000","USD","10.512000","","-0.001615","-0.002467","0.002002","-0.006897","-0.019860","-0.011380","-0.002846","0.051200","0.051200","","","2022-01-06"
"LU2068974737","10.529000","USD","10.529000","74387877.98","-0.000664","-0.001044","0.004388","-0.006604","-0.018000","-0.010060","-0.001233","0.052900","0.052900","","","2022-01-05"
"LU2088747725","8.878000","USD","8.878000","","-0.013227","-0.017486","-0.006491","-0.049057","-0.132584","-0.123853","-0.017377","-0.112200","-0.112200","","","2022-01-06"
"LU2088747725","8.997000","USD","8.997000","136630375.65","-0.006186","-0.003434","0.007954","-0.043178","-0.120528","-0.105399","-0.004206","-0.100300","-0.100300","","","2022-01-05"
"LU2088747998","8.039000","USD","8.893120","","-0.013256","-0.017469","-0.006470","-0.049120","-0.132619","-0.126012","-0.017350","-0.110688","-0.110688","","","2022-01-06"
"LU2088747998","8.147000","USD","9.012590","136630375.65","-0.006221","-0.003421","0.007993","-0.043160","-0.120504","-0.105300","-0.004149","-0.098741","-0.098741","","","2022-01-05"
"LU2088748020","7.889000","USD","8.889870","","-0.013258","-0.017477","-0.006400","-0.049085","-0.132580","-0.123820","-0.017233","-0.111013","-0.111013","","","2022-01-06"
"LU2088748020","7.995000","USD","9.009320","136630375.65","-0.006092","-0.003410","0.007961","-0.043120","-0.120456","-0.105219","-0.004028","-0.099068","-0.099068","","","2022-01-05"
"LU2088748293","8.012000","HKD","8.828970","","-0.012449","-0.017184","-0.006139","-0.047200","-0.128666","-0.118285","-0.016943","-0.117103","-0.117103","","","2022-01-06"
"LU2088748293","8.113000","HKD","8.940270","136630375.65","-0.006004","-0.003578","0.008132","-0.041824","-0.117401","-0.100393","-0.004551","-0.105973","-0.105973","","","2022-01-05"
"LU2187417386","11.410000","USD","11.410000","","-0.010408","-0.033051","-0.009549","-0.038753","-0.086469","-0.048374","-0.041176","0.141000","0.141000","","","2022-01-06"
"LU2187417386","11.530000","USD","11.530000","153424309.34","-0.012842","-0.012842","-0.002595","-0.028644","-0.084921","-0.028644","-0.031092","0.153000","0.153000","","","2022-01-05"
"LU2347918265","9.601000","USD","9.811910","","-0.001560","-0.002397","0.002271","-0.006250","-0.019005","-0.018809","-0.002811","-0.018809","-0.018809","","","2022-01-06"
"LU2347918265","9.616000","USD","9.827240","74387877.98","-0.000727","-0.000942","0.004568","-0.006020","-0.017178","-0.017276","-0.001253","-0.017276","-0.017276","","","2022-01-05"
"LU2373661078","9.827000","HKD","9.827000","","-0.000813","-0.002132","0.002653","-0.004155","-0.017300","-0.017300","-0.002436","-0.017300","-0.017300","","","2022-01-06"
"LU2373661078","9.835000","HKD","9.835000","74387877.98","-0.000508","-0.001117","0.004904","-0.004555","-0.016500","-0.016500","-0.001624","-0.016500","-0.016500","","","2022-01-05"
"LU2373661581","9.685000","HKD","9.826730","","-0.000826","-0.002140","0.002698","-0.004173","-0.017327","-0.017327","-0.002446","-0.017327","-0.017327","","","2022-01-06"
"LU2373661581","9.693000","HKD","9.834850","74387877.98","-0.000515","-0.001110","0.004873","-0.004565","-0.016515","-0.016515","-0.001622","-0.016515","-0.016515","","","2022-01-05"
